5988, 64, 36, 0, 0, 0, 64, 36, 0, 0, 0, 64, 36, 0, 0, 0, 64, 36, 0, 0, 0, 64, 36, 0, 0, 0, 64, 36, 0, 0, 0, 64, 36, 0, 0, 0, 64, 36, 0, 0, 0, 64, 36, 0, 0, 0, 64, 36, 0, 0, 0, 64, 36, 0, 0, 0, 64, 36, 0, 0, 0, 64, 36, 0, 0, 0, 64, 36, 0, 0, 0, 64, 36, 0, 0, 0, 64, 36, 0, 0, 0, 64, 36, 0, 0, 0, 64, 36, 0, 0, 0, 64, 36, 0, 0, 0, 64, 36, 0, 0, 0, 64, 36, 0, 0, 0, 64, 36, 0, 0, 0, 64, 36, 0, 0, 0, 64, 36, 0, 0, 0, 64, 36, 0, 0, 0, 64, 36, 0, 0, 0, 64, 36, 0, 0, 0, 64, 36, 0, 0, 0, 64, 36, 0, 0, 0, 64, 36, 0, 0, 0, 64, 36, 0, 0, 0, 64, 36, 0, 0, 0, 64, 36, 0, 0, 0, 64, 36, 0, 0, 0, 64, 36, 0, 0, 0, 64, 36, 0, 0, 0, 
7238, 63, 36, 0, 0, 1, 63, 36, 0, 0, 1, 63, 36, 0, 0, 1, 63, 36, 0, 0, 1, 63, 36, 0, 0, 1, 63, 36, 0, 0, 1, 63, 36, 0, 0, 1, 63, 36, 0, 0, 1, 63, 36, 0, 0, 1, 63, 36, 0, 0, 1, 63, 36, 0, 0, 1, 63, 36, 0, 0, 1, 63, 36, 0, 0, 1, 63, 36, 0, 0, 1, 63, 36, 0, 0, 1, 63, 36, 0, 0, 1, 63, 36, 0, 0, 1, 63, 36, 0, 0, 1, 63, 36, 0, 0, 1, 63, 36, 0, 0, 1, 63, 36, 0, 0, 1, 63, 36, 0, 0, 1, 63, 36, 0, 0, 1, 63, 36, 0, 0, 1, 63, 36, 0, 0, 1, 63, 36, 0, 0, 1, 63, 36, 0, 0, 1, 63, 36, 0, 0, 1, 63, 36, 0, 0, 1, 63, 36, 0, 0, 1, 63, 36, 0, 0, 1, 63, 36, 0, 0, 1, 63, 36, 0, 0, 1, 63, 36, 0, 0, 1, 63, 36, 0, 0, 1, 63, 36, 0, 0, 1, 
8488, 56, 31, 1, 3, 9, 56, 31, 1, 3, 9, 56, 31, 1, 3, 9, 56, 31, 1, 3, 9, 56, 31, 1, 3, 9, 56, 31, 1, 3, 9, 56, 31, 1, 3, 9, 56, 31, 1, 3, 9, 56, 31, 1, 3, 9, 56, 31, 1, 3, 9, 56, 31, 1, 3, 9, 56, 31, 1, 3, 9, 56, 31, 1, 3, 9, 56, 31, 1, 3, 9, 56, 31, 1, 3, 9, 56, 31, 1, 3, 9, 56, 31, 1, 3, 9, 56, 31, 1, 3, 9, 56, 31, 1, 3, 9, 56, 31, 1, 3, 9, 56, 31, 1, 3, 9, 56, 31, 1, 3, 9, 56, 31, 1, 3, 9, 56, 31, 1, 3, 9, 56, 31, 1, 3, 9, 56, 31, 1, 3, 9, 56, 31, 1, 3, 9, 56, 31, 1, 3, 9, 56, 31, 1, 3, 9, 56, 31, 1, 3, 9, 56, 31, 1, 3, 9, 56, 31, 1, 3, 9, 56, 31, 1, 3, 9, 56, 31, 1, 3, 9, 56, 31, 1, 3, 9, 56, 31, 1, 3, 9, 
9738, 51, 28, 3, 4, 16, 51, 28, 3, 4, 16, 51, 28, 3, 4, 16, 51, 28, 3, 4, 16, 51, 28, 3, 4, 16, 51, 28, 3, 4, 16, 51, 28, 3, 4, 16, 51, 28, 3, 4, 16, 51, 28, 3, 4, 16, 51, 28, 3, 4, 16, 51, 28, 3, 4, 16, 51, 28, 3, 4, 16, 51, 28, 3, 4, 16, 51, 28, 3, 4, 16, 51, 28, 3, 4, 16, 51, 28, 3, 4, 16, 51, 28, 3, 4, 16, 51, 28, 3, 4, 16, 51, 28, 3, 4, 16, 51, 28, 3, 4, 16, 51, 28, 3, 4, 16, 51, 28, 3, 4, 16, 51, 28, 3, 4, 16, 51, 28, 3, 4, 16, 51, 28, 3, 4, 16, 51, 28, 3, 4, 16, 51, 28, 3, 4, 16, 51, 28, 3, 4, 16, 51, 28, 3, 4, 16, 51, 28, 3, 4, 16, 51, 28, 3, 4, 16, 51, 28, 3, 4, 16, 51, 28, 3, 4, 16, 51, 28, 3, 4, 16, 51, 28, 3, 4, 16, 51, 28, 3, 4, 16, 
10988, 47, 24, 4, 7, 20, 47, 24, 4, 7, 20, 47, 24, 4, 7, 20, 47, 24, 4, 7, 20, 47, 24, 4, 7, 20, 47, 24, 4, 7, 20, 47, 24, 4, 7, 20, 47, 24, 4, 7, 20, 47, 24, 4, 7, 20, 47, 24, 4, 7, 20, 47, 24, 4, 7, 20, 47, 24, 4, 7, 20, 47, 24, 4, 7, 20, 47, 24, 4, 7, 20, 47, 24, 4, 7, 20, 47, 24, 4, 7, 20, 47, 24, 4, 7, 20, 47, 24, 4, 7, 20, 47, 24, 4, 7, 20, 47, 24, 4, 7, 20, 47, 24, 4, 7, 20, 47, 24, 4, 7, 20, 47, 24, 4, 7, 20, 47, 24, 4, 7, 20, 47, 24, 4, 7, 20, 47, 24, 4, 7, 20, 47, 24, 4, 7, 20, 47, 24, 4, 7, 20, 47, 24, 4, 7, 20, 47, 24, 4, 7, 20, 47, 24, 4, 7, 20, 47, 24, 4, 7, 20, 47, 24, 4, 7, 20, 47, 24, 4, 7, 20, 47, 24, 4, 7, 20, 47, 24, 4, 7, 20, 
12237, 43, 23, 4, 8, 24, 43, 23, 4, 8, 24, 43, 23, 4, 8, 24, 43, 23, 4, 8, 24, 43, 23, 4, 8, 24, 43, 23, 4, 8, 24, 43, 23, 4, 8, 24, 43, 23, 4, 8, 24, 43, 23, 4, 8, 24, 43, 23, 4, 8, 24, 43, 23, 4, 8, 24, 43, 23, 4, 8, 24, 43, 23, 4, 8, 24, 43, 23, 4, 8, 24, 43, 23, 4, 8, 24, 43, 23, 4, 8, 24, 43, 23, 4, 8, 24, 43, 23, 4, 8, 24, 43, 23, 4, 8, 24, 43, 23, 4, 8, 24, 43, 23, 4, 8, 24, 43, 23, 4, 8, 24, 43, 23, 4, 8, 24, 43, 23, 4, 8, 24, 43, 23, 4, 8, 24, 43, 23, 4, 8, 24, 43, 23, 4, 8, 24, 43, 23, 4, 8, 24, 43, 23, 4, 8, 24, 43, 23, 4, 8, 24, 43, 23, 4, 8, 24, 43, 23, 4, 8, 24, 43, 23, 4, 8, 24, 43, 23, 4, 8, 24, 43, 23, 4, 8, 24, 43, 23, 4, 8, 24, 
13488, 40, 20, 4, 8, 28, 40, 20, 4, 8, 28, 40, 20, 4, 8, 28, 40, 20, 4, 8, 28, 40, 20, 4, 8, 28, 40, 20, 4, 8, 28, 40, 20, 4, 8, 28, 40, 20, 4, 8, 28, 40, 20, 4, 8, 28, 40, 20, 4, 8, 28, 40, 20, 4, 8, 28, 40, 20, 4, 8, 28, 40, 20, 4, 8, 28, 40, 20, 4, 8, 28, 40, 20, 4, 8, 28, 40, 20, 4, 8, 28, 40, 20, 4, 8, 28, 40, 20, 4, 8, 28, 40, 20, 4, 8, 28, 40, 20, 4, 8, 28, 40, 20, 4, 8, 28, 40, 20, 4, 8, 28, 40, 20, 4, 8, 28, 40, 20, 4, 8, 28, 40, 20, 4, 8, 28, 40, 20, 4, 8, 28, 40, 20, 4, 8, 28, 40, 20, 4, 8, 28, 40, 20, 4, 8, 28, 40, 20, 4, 8, 28, 40, 20, 4, 8, 28, 40, 20, 4, 8, 28, 40, 20, 4, 8, 28, 40, 20, 4, 8, 28, 40, 20, 4, 8, 28, 40, 20, 4, 8, 28, 
14738, 37, 19, 4, 9, 31, 37, 19, 4, 9, 31, 37, 19, 4, 9, 31, 37, 19, 4, 9, 31, 37, 19, 4, 9, 31, 37, 19, 4, 9, 31, 37, 19, 4, 9, 31, 37, 19, 4, 9, 31, 37, 19, 4, 9, 31, 37, 19, 4, 9, 31, 37, 19, 4, 9, 31, 37, 19, 4, 9, 31, 37, 19, 4, 9, 31, 37, 19, 4, 9, 31, 37, 19, 4, 9, 31, 37, 19, 4, 9, 31, 37, 19, 4, 9, 31, 37, 19, 4, 9, 31, 37, 19, 4, 9, 31, 37, 19, 4, 9, 31, 37, 19, 4, 9, 31, 37, 19, 4, 9, 31, 37, 19, 4, 9, 31, 37, 19, 4, 9, 31, 37, 19, 4, 9, 31, 37, 19, 4, 9, 31, 37, 19, 4, 9, 31, 37, 19, 4, 9, 31, 37, 19, 4, 9, 31, 37, 19, 4, 9, 31, 37, 19, 4, 9, 31, 37, 19, 4, 9, 31, 37, 19, 4, 9, 31, 37, 19, 4, 9, 31, 37, 19, 4, 9, 31, 37, 19, 4, 9, 31, 
15988, 36, 17, 4, 9, 32, 36, 17, 4, 9, 32, 36, 17, 4, 9, 32, 36, 17, 4, 9, 32, 36, 17, 4, 9, 32, 36, 17, 4, 9, 32, 36, 17, 4, 9, 32, 36, 17, 4, 9, 32, 36, 17, 4, 9, 32, 36, 17, 4, 9, 32, 36, 17, 4, 9, 32, 36, 17, 4, 9, 32, 36, 17, 4, 9, 32, 36, 17, 4, 9, 32, 36, 17, 4, 9, 32, 36, 17, 4, 9, 32, 36, 17, 4, 9, 32, 36, 17, 4, 9, 32, 36, 17, 4, 9, 32, 36, 17, 4, 9, 32, 36, 17, 4, 9, 32, 36, 17, 4, 9, 32, 36, 17, 4, 9, 32, 36, 17, 4, 9, 32, 36, 17, 4, 9, 32, 36, 17, 4, 9, 32, 36, 17, 4, 9, 32, 36, 17, 4, 9, 32, 36, 17, 4, 9, 32, 36, 17, 4, 9, 32, 36, 17, 4, 9, 32, 36, 17, 4, 9, 32, 36, 17, 4, 9, 32, 36, 17, 4, 9, 32, 36, 17, 4, 9, 32, 36, 17, 4, 9, 32, 
17238, 35, 16, 5, 11, 35, 35, 16, 5, 11, 35, 35, 16, 5, 11, 35, 35, 16, 5, 11, 35, 35, 16, 5, 11, 35, 35, 16, 5, 11, 35, 35, 16, 5, 11, 35, 35, 16, 5, 11, 35, 35, 16, 5, 11, 35, 35, 16, 5, 11, 35, 35, 16, 5, 11, 35, 35, 16, 5, 11, 35, 35, 16, 5, 11, 35, 35, 16, 5, 11, 35, 35, 16, 5, 11, 35, 35, 16, 5, 11, 35, 35, 16, 5, 11, 35, 35, 16, 5, 11, 35, 35, 16, 5, 11, 35, 35, 16, 5, 11, 35, 35, 16, 5, 11, 35, 35, 16, 5, 11, 35, 35, 16, 5, 11, 35, 35, 16, 5, 11, 35, 35, 16, 5, 11, 35, 35, 16, 5, 11, 35, 35, 16, 5, 11, 35, 35, 16, 5, 11, 35, 35, 16, 5, 11, 35, 35, 16, 5, 11, 35, 35, 16, 5, 11, 35, 35, 16, 5, 11, 35, 35, 16, 5, 11, 35, 35, 16, 5, 11, 35, 35, 16, 5, 11, 35, 35, 16, 5, 11, 35, 
18488, 32, 16, 5, 12, 36, 32, 16, 5, 12, 36, 32, 16, 5, 12, 36, 32, 16, 5, 12, 36, 32, 16, 5, 12, 36, 32, 16, 5, 12, 36, 32, 16, 5, 12, 36, 32, 16, 5, 12, 36, 32, 16, 5, 12, 36, 32, 16, 5, 12, 36, 32, 16, 5, 12, 36, 32, 16, 5, 12, 36, 32, 16, 5, 12, 36, 32, 16, 5, 12, 36, 32, 16, 5, 12, 36, 32, 16, 5, 12, 36, 32, 16, 5, 12, 36, 32, 16, 5, 12, 36, 32, 16, 5, 12, 36, 32, 16, 5, 12, 36, 32, 16, 5, 12, 36, 32, 16, 5, 12, 36, 32, 16, 5, 12, 36, 32, 16, 5, 12, 36, 32, 16, 5, 12, 36, 32, 16, 5, 12, 36, 32, 16, 5, 12, 36, 32, 16, 5, 12, 36, 32, 16, 5, 12, 36, 32, 16, 5, 12, 36, 32, 16, 5, 12, 36, 32, 16, 5, 12, 36, 32, 16, 5, 12, 36, 32, 16, 5, 12, 36, 32, 16, 5, 12, 36, 32, 16, 5, 12, 36, 
19738, 32, 16, 5, 12, 37, 32, 16, 5, 12, 37, 32, 16, 5, 12, 37, 32, 16, 5, 12, 37, 32, 16, 5, 12, 37, 32, 16, 5, 12, 37, 32, 16, 5, 12, 37, 32, 16, 5, 12, 37, 32, 16, 5, 12, 37, 32, 16, 5, 12, 37, 32, 16, 5, 12, 37, 32, 16, 5, 12, 37, 32, 16, 5, 12, 37, 32, 16, 5, 12, 37, 32, 16, 5, 12, 37, 32, 16, 5, 12, 37, 32, 16, 5, 12, 37, 32, 16, 5, 12, 37, 32, 16, 5, 12, 37, 32, 16, 5, 12, 37, 32, 16, 5, 12, 37, 32, 16, 5, 12, 37, 32, 16, 5, 12, 37, 32, 16, 5, 12, 37, 32, 16, 5, 12, 37, 32, 16, 5, 12, 37, 32, 16, 5, 12, 37, 32, 16, 5, 12, 37, 32, 16, 5, 12, 37, 32, 16, 5, 12, 37, 32, 16, 5, 12, 37, 32, 16, 5, 12, 37, 32, 16, 5, 12, 37, 32, 16, 5, 12, 37, 32, 16, 5, 12, 37, 32, 16, 5, 12, 37, 
20987, 31, 15, 5, 12, 39, 31, 15, 5, 12, 39, 31, 15, 5, 12, 39, 31, 15, 5, 12, 39, 31, 15, 5, 12, 39, 31, 15, 5, 12, 39, 31, 15, 5, 12, 39, 31, 15, 5, 12, 39, 31, 15, 5, 12, 39, 31, 15, 5, 12, 39, 31, 15, 5, 12, 39, 31, 15, 5, 12, 39, 31, 15, 5, 12, 39, 31, 15, 5, 12, 39, 31, 15, 5, 12, 39, 31, 15, 5, 12, 39, 31, 15, 5, 12, 39, 31, 15, 5, 12, 39, 31, 15, 5, 12, 39, 31, 15, 5, 12, 39, 31, 15, 5, 12, 39, 31, 15, 5, 12, 39, 31, 15, 5, 12, 39, 31, 15, 5, 12, 39, 31, 15, 5, 12, 39, 31, 15, 5, 12, 39, 31, 15, 5, 12, 39, 31, 15, 5, 12, 39, 31, 15, 5, 12, 39, 31, 15, 5, 12, 39, 31, 15, 5, 12, 39, 31, 15, 5, 12, 39, 31, 15, 5, 12, 39, 31, 15, 5, 12, 39, 31, 15, 5, 12, 39, 31, 15, 5, 12, 39, 
22237, 29, 13, 5, 12, 40, 29, 13, 5, 12, 40, 29, 13, 5, 12, 40, 29, 13, 5, 12, 40, 29, 13, 5, 12, 40, 29, 13, 5, 12, 40, 29, 13, 5, 12, 40, 29, 13, 5, 12, 40, 29, 13, 5, 12, 40, 29, 13, 5, 12, 40, 29, 13, 5, 12, 40, 29, 13, 5, 12, 40, 29, 13, 5, 12, 40, 29, 13, 5, 12, 40, 29, 13, 5, 12, 40, 29, 13, 5, 12, 40, 29, 13, 5, 12, 40, 29, 13, 5, 12, 40, 29, 13, 5, 12, 40, 29, 13, 5, 12, 40, 29, 13, 5, 12, 40, 29, 13, 5, 12, 40, 29, 13, 5, 12, 40, 29, 13, 5, 12, 40, 29, 13, 5, 12, 40, 29, 13, 5, 12, 40, 29, 13, 5, 12, 40, 29, 13, 5, 12, 40, 29, 13, 5, 12, 40, 29, 13, 5, 12, 40, 29, 13, 5, 12, 40, 29, 13, 5, 12, 40, 29, 13, 5, 12, 40, 29, 13, 5, 12, 40, 29, 13, 5, 12, 40, 29, 13, 5, 12, 40, 
23487, 29, 13, 5, 12, 40, 29, 13, 5, 12, 40, 29, 13, 5, 12, 40, 29, 13, 5, 12, 40, 29, 13, 5, 12, 40, 29, 13, 5, 12, 40, 29, 13, 5, 12, 40, 29, 13, 5, 12, 40, 29, 13, 5, 12, 40, 29, 13, 5, 12, 40, 29, 13, 5, 12, 40, 29, 13, 5, 12, 40, 29, 13, 5, 12, 40, 29, 13, 5, 12, 40, 29, 13, 5, 12, 40, 29, 13, 5, 12, 40, 29, 13, 5, 12, 40, 29, 13, 5, 12, 40, 29, 13, 5, 12, 40, 29, 13, 5, 12, 40, 29, 13, 5, 12, 40, 29, 13, 5, 12, 40, 29, 13, 5, 12, 40, 29, 13, 5, 12, 40, 29, 13, 5, 12, 40, 29, 13, 5, 12, 40, 29, 13, 5, 12, 40, 29, 13, 5, 12, 40, 29, 13, 5, 12, 40, 29, 13, 5, 12, 40, 29, 13, 5, 12, 40, 29, 13, 5, 12, 40, 29, 13, 5, 12, 40, 29, 13, 5, 12, 40, 29, 13, 5, 12, 40, 29, 13, 5, 12, 40, 
24737, 28, 12, 7, 12, 41, 28, 12, 7, 12, 41, 28, 12, 7, 12, 41, 28, 12, 7, 12, 41, 28, 12, 7, 12, 41, 28, 12, 7, 12, 41, 28, 12, 7, 12, 41, 28, 12, 7, 12, 41, 28, 12, 7, 12, 41, 28, 12, 7, 12, 41, 28, 12, 7, 12, 41, 28, 12, 7, 12, 41, 28, 12, 7, 12, 41, 28, 12, 7, 12, 41, 28, 12, 7, 12, 41, 28, 12, 7, 12, 41, 28, 12, 7, 12, 41, 28, 12, 7, 12, 41, 28, 12, 7, 12, 41, 28, 12, 7, 12, 41, 28, 12, 7, 12, 41, 28, 12, 7, 12, 41, 28, 12, 7, 12, 41, 28, 12, 7, 12, 41, 28, 12, 7, 12, 41, 28, 12, 7, 12, 41, 28, 12, 7, 12, 41, 28, 12, 7, 12, 41, 28, 12, 7, 12, 41, 28, 12, 7, 12, 41, 28, 12, 7, 12, 41, 28, 12, 7, 12, 41, 28, 12, 7, 12, 41, 28, 12, 7, 12, 41, 28, 12, 7, 12, 41, 28, 12, 7, 12, 41, 
25987, 17, 5, 8, 16, 53, 17, 5, 8, 16, 53, 17, 5, 8, 16, 53, 17, 5, 8, 16, 53, 17, 5, 8, 16, 53, 17, 5, 8, 16, 53, 17, 5, 8, 16, 53, 17, 5, 8, 16, 53, 17, 5, 8, 16, 53, 17, 5, 8, 16, 53, 17, 5, 8, 16, 53, 17, 5, 8, 16, 53, 17, 5, 8, 16, 53, 17, 5, 8, 16, 53, 17, 5, 8, 16, 53, 17, 5, 8, 16, 53, 17, 5, 8, 16, 53, 17, 5, 8, 16, 53, 17, 5, 8, 16, 53, 17, 5, 8, 16, 53, 17, 5, 8, 16, 53, 17, 5, 8, 16, 53, 17, 5, 8, 16, 53, 17, 5, 8, 16, 53, 17, 5, 8, 16, 53, 17, 5, 8, 16, 53, 17, 5, 8, 16, 53, 17, 5, 8, 16, 53, 17, 5, 8, 16, 53, 17, 5, 8, 16, 53, 17, 5, 8, 16, 53, 17, 5, 8, 16, 53, 17, 5, 8, 16, 53, 17, 5, 8, 16, 53, 17, 5, 8, 16, 53, 17, 5, 8, 16, 53, 
27237, 15, 4, 8, 17, 57, 15, 4, 8, 17, 57, 15, 4, 8, 17, 57, 15, 4, 8, 17, 57, 15, 4, 8, 17, 57, 15, 4, 8, 17, 57, 15, 4, 8, 17, 57, 15, 4, 8, 17, 57, 15, 4, 8, 17, 57, 15, 4, 8, 17, 57, 15, 4, 8, 17, 57, 15, 4, 8, 17, 57, 15, 4, 8, 17, 57, 15, 4, 8, 17, 57, 15, 4, 8, 17, 57, 15, 4, 8, 17, 57, 15, 4, 8, 17, 57, 15, 4, 8, 17, 57, 15, 4, 8, 17, 57, 15, 4, 8, 17, 57, 15, 4, 8, 17, 57, 15, 4, 8, 17, 57, 15, 4, 8, 17, 57, 15, 4, 8, 17, 57, 15, 4, 8, 17, 57, 15, 4, 8, 17, 57, 15, 4, 8, 17, 57, 15, 4, 8, 17, 57, 15, 4, 8, 17, 57, 15, 4, 8, 17, 57, 15, 4, 8, 17, 57, 15, 4, 8, 17, 57, 15, 4, 8, 17, 57, 15, 4, 8, 17, 57, 15, 4, 8, 17, 57, 15, 4, 8, 17, 57, 
28487, 15, 4, 8, 17, 57, 15, 4, 8, 17, 57, 15, 4, 8, 17, 57, 15, 4, 8, 17, 57, 15, 4, 8, 17, 57, 15, 4, 8, 17, 57, 15, 4, 8, 17, 57, 15, 4, 8, 17, 57, 15, 4, 8, 17, 57, 15, 4, 8, 17, 57, 15, 4, 8, 17, 57, 15, 4, 8, 17, 57, 15, 4, 8, 17, 57, 15, 4, 8, 17, 57, 15, 4, 8, 17, 57, 15, 4, 8, 17, 57, 15, 4, 8, 17, 57, 15, 4, 8, 17, 57, 15, 4, 8, 17, 57, 15, 4, 8, 17, 57, 15, 4, 8, 17, 57, 15, 4, 8, 17, 57, 15, 4, 8, 17, 57, 15, 4, 8, 17, 57, 15, 4, 8, 17, 57, 15, 4, 8, 17, 57, 15, 4, 8, 17, 57, 15, 4, 8, 17, 57, 15, 4, 8, 17, 57, 15, 4, 8, 17, 57, 15, 4, 8, 17, 57, 15, 4, 8, 17, 57, 15, 4, 8, 17, 57, 15, 4, 8, 17, 57, 15, 4, 8, 17, 57, 15, 4, 8, 17, 57, 
29737, 15, 4, 8, 17, 57, 15, 4, 8, 17, 57, 15, 4, 8, 17, 57, 15, 4, 8, 17, 57, 15, 4, 8, 17, 57, 15, 4, 8, 17, 57, 15, 4, 8, 17, 57, 15, 4, 8, 17, 57, 15, 4, 8, 17, 57, 15, 4, 8, 17, 57, 15, 4, 8, 17, 57, 15, 4, 8, 17, 57, 15, 4, 8, 17, 57, 15, 4, 8, 17, 57, 15, 4, 8, 17, 57, 15, 4, 8, 17, 57, 15, 4, 8, 17, 57, 15, 4, 8, 17, 57, 15, 4, 8, 17, 57, 15, 4, 8, 17, 57, 15, 4, 8, 17, 57, 15, 4, 8, 17, 57, 15, 4, 8, 17, 57, 15, 4, 8, 17, 57, 15, 4, 8, 17, 57, 15, 4, 8, 17, 57, 15, 4, 8, 17, 57, 15, 4, 8, 17, 57, 15, 4, 8, 17, 57, 15, 4, 8, 17, 57, 15, 4, 8, 17, 57, 15, 4, 8, 17, 57, 15, 4, 8, 17, 57, 15, 4, 8, 17, 57, 15, 4, 8, 17, 57, 15, 4, 8, 17, 57, 
30987, 15, 4, 8, 17, 57, 15, 4, 8, 17, 57, 15, 4, 8, 17, 57, 15, 4, 8, 17, 57, 15, 4, 8, 17, 57, 15, 4, 8, 17, 57, 15, 4, 8, 17, 57, 15, 4, 8, 17, 57, 15, 4, 8, 17, 57, 15, 4, 8, 17, 57, 15, 4, 8, 17, 57, 15, 4, 8, 17, 57, 15, 4, 8, 17, 57, 15, 4, 8, 17, 57, 15, 4, 8, 17, 57, 15, 4, 8, 17, 57, 15, 4, 8, 17, 57, 15, 4, 8, 17, 57, 15, 4, 8, 17, 57, 15, 4, 8, 17, 57, 15, 4, 8, 17, 57, 15, 4, 8, 17, 57, 15, 4, 8, 17, 57, 15, 4, 8, 17, 57, 15, 4, 8, 17, 57, 15, 4, 8, 17, 57, 15, 4, 8, 17, 57, 15, 4, 8, 17, 57, 15, 4, 8, 17, 57, 15, 4, 8, 17, 57, 15, 4, 8, 17, 57, 15, 4, 8, 17, 57, 15, 4, 8, 17, 57, 15, 4, 8, 17, 57, 15, 4, 8, 17, 57, 15, 4, 8, 17, 57, 
32237, 15, 4, 8, 17, 57, 15, 4, 8, 17, 57, 15, 4, 8, 17, 57, 15, 4, 8, 17, 57, 15, 4, 8, 17, 57, 15, 4, 8, 17, 57, 15, 4, 8, 17, 57, 15, 4, 8, 17, 57, 15, 4, 8, 17, 57, 15, 4, 8, 17, 57, 15, 4, 8, 17, 57, 15, 4, 8, 17, 57, 15, 4, 8, 17, 57, 15, 4, 8, 17, 57, 15, 4, 8, 17, 57, 15, 4, 8, 17, 57, 15, 4, 8, 17, 57, 15, 4, 8, 17, 57, 15, 4, 8, 17, 57, 15, 4, 8, 17, 57, 15, 4, 8, 17, 57, 15, 4, 8, 17, 57, 15, 4, 8, 17, 57, 15, 4, 8, 17, 57, 15, 4, 8, 17, 57, 15, 4, 8, 17, 57, 15, 4, 8, 17, 57, 15, 4, 8, 17, 57, 15, 4, 8, 17, 57, 15, 4, 8, 17, 57, 15, 4, 8, 17, 57, 15, 4, 8, 17, 57, 15, 4, 8, 17, 57, 15, 4, 8, 17, 57, 15, 4, 8, 17, 57, 15, 4, 8, 17, 57, 
33486, 15, 4, 8, 17, 57, 15, 4, 8, 17, 57, 15, 4, 8, 17, 57, 15, 4, 8, 17, 57, 15, 4, 8, 17, 57, 15, 4, 8, 17, 57, 15, 4, 8, 17, 57, 15, 4, 8, 17, 57, 15, 4, 8, 17, 57, 15, 4, 8, 17, 57, 15, 4, 8, 17, 57, 15, 4, 8, 17, 57, 15, 4, 8, 17, 57, 15, 4, 8, 17, 57, 15, 4, 8, 17, 57, 15, 4, 8, 17, 57, 15, 4, 8, 17, 57, 15, 4, 8, 17, 57, 15, 4, 8, 17, 57, 15, 4, 8, 17, 57, 15, 4, 8, 17, 57, 15, 4, 8, 17, 57, 15, 4, 8, 17, 57, 15, 4, 8, 17, 57, 15, 4, 8, 17, 57, 15, 4, 8, 17, 57, 15, 4, 8, 17, 57, 15, 4, 8, 17, 57, 15, 4, 8, 17, 57, 15, 4, 8, 17, 57, 15, 4, 8, 17, 57, 15, 4, 8, 17, 57, 15, 4, 8, 17, 57, 15, 4, 8, 17, 57, 15, 4, 8, 17, 57, 15, 4, 8, 17, 57, 
34737, 15, 4, 8, 17, 57, 15, 4, 8, 17, 57, 15, 4, 8, 17, 57, 15, 4, 8, 17, 57, 15, 4, 8, 17, 57, 15, 4, 8, 17, 57, 15, 4, 8, 17, 57, 15, 4, 8, 17, 57, 15, 4, 8, 17, 57, 15, 4, 8, 17, 57, 15, 4, 8, 17, 57, 15, 4, 8, 17, 57, 15, 4, 8, 17, 57, 15, 4, 8, 17, 57, 15, 4, 8, 17, 57, 15, 4, 8, 17, 57, 15, 4, 8, 17, 57, 15, 4, 8, 17, 57, 15, 4, 8, 17, 57, 15, 4, 8, 17, 57, 15, 4, 8, 17, 57, 15, 4, 8, 17, 57, 15, 4, 8, 17, 57, 15, 4, 8, 17, 57, 15, 4, 8, 17, 57, 15, 4, 8, 17, 57, 15, 4, 8, 17, 57, 15, 4, 8, 17, 57, 15, 4, 8, 17, 57, 15, 4, 8, 17, 57, 15, 4, 8, 17, 57, 15, 4, 8, 17, 57, 15, 4, 8, 17, 57, 15, 4, 8, 17, 57, 15, 4, 8, 17, 57, 15, 4, 8, 17, 57, 
35987, 15, 4, 8, 17, 57, 15, 4, 8, 17, 57, 15, 4, 8, 17, 57, 15, 4, 8, 17, 57, 15, 4, 8, 17, 57, 15, 4, 8, 17, 57, 15, 4, 8, 17, 57, 15, 4, 8, 17, 57, 15, 4, 8, 17, 57, 15, 4, 8, 17, 57, 15, 4, 8, 17, 57, 15, 4, 8, 17, 57, 15, 4, 8, 17, 57, 15, 4, 8, 17, 57, 15, 4, 8, 17, 57, 15, 4, 8, 17, 57, 15, 4, 8, 17, 57, 15, 4, 8, 17, 57, 15, 4, 8, 17, 57, 15, 4, 8, 17, 57, 15, 4, 8, 17, 57, 15, 4, 8, 17, 57, 15, 4, 8, 17, 57, 15, 4, 8, 17, 57, 15, 4, 8, 17, 57, 15, 4, 8, 17, 57, 15, 4, 8, 17, 57, 15, 4, 8, 17, 57, 15, 4, 8, 17, 57, 15, 4, 8, 17, 57, 15, 4, 8, 17, 57, 15, 4, 8, 17, 57, 15, 4, 8, 17, 57, 15, 4, 8, 17, 57, 15, 4, 8, 17, 57, 15, 4, 8, 17, 57, 
37237, 15, 4, 8, 17, 57, 15, 4, 8, 17, 57, 15, 4, 8, 17, 57, 15, 4, 8, 17, 57, 15, 4, 8, 17, 57, 15, 4, 8, 17, 57, 15, 4, 8, 17, 57, 15, 4, 8, 17, 57, 15, 4, 8, 17, 57, 15, 4, 8, 17, 57, 15, 4, 8, 17, 57, 15, 4, 8, 17, 57, 15, 4, 8, 17, 57, 15, 4, 8, 17, 57, 15, 4, 8, 17, 57, 15, 4, 8, 17, 57, 15, 4, 8, 17, 57, 15, 4, 8, 17, 57, 15, 4, 8, 17, 57, 15, 4, 8, 17, 57, 15, 4, 8, 17, 57, 15, 4, 8, 17, 57, 15, 4, 8, 17, 57, 15, 4, 8, 17, 57, 15, 4, 8, 17, 57, 15, 4, 8, 17, 57, 15, 4, 8, 17, 57, 15, 4, 8, 17, 57, 15, 4, 8, 17, 57, 15, 4, 8, 17, 57, 15, 4, 8, 17, 57, 15, 4, 8, 17, 57, 15, 4, 8, 17, 57, 15, 4, 8, 17, 57, 15, 4, 8, 17, 57, 15, 4, 8, 17, 57, 
38486, 15, 4, 8, 17, 57, 15, 4, 8, 17, 57, 15, 4, 8, 17, 57, 15, 4, 8, 17, 57, 15, 4, 8, 17, 57, 15, 4, 8, 17, 57, 15, 4, 8, 17, 57, 15, 4, 8, 17, 57, 15, 4, 8, 17, 57, 15, 4, 8, 17, 57, 15, 4, 8, 17, 57, 15, 4, 8, 17, 57, 15, 4, 8, 17, 57, 15, 4, 8, 17, 57, 15, 4, 8, 17, 57, 15, 4, 8, 17, 57, 15, 4, 8, 17, 57, 15, 4, 8, 17, 57, 15, 4, 8, 17, 57, 15, 4, 8, 17, 57, 15, 4, 8, 17, 57, 15, 4, 8, 17, 57, 15, 4, 8, 17, 57, 15, 4, 8, 17, 57, 15, 4, 8, 17, 57, 15, 4, 8, 17, 57, 15, 4, 8, 17, 57, 15, 4, 8, 17, 57, 15, 4, 8, 17, 57, 15, 4, 8, 17, 57, 15, 4, 8, 17, 57, 15, 4, 8, 17, 57, 15, 4, 8, 17, 57, 15, 4, 8, 17, 57, 15, 4, 8, 17, 57, 15, 4, 8, 17, 57, 
39737, 15, 4, 8, 17, 57, 15, 4, 8, 17, 57, 15, 4, 8, 17, 57, 15, 4, 8, 17, 57, 15, 4, 8, 17, 57, 15, 4, 8, 17, 57, 15, 4, 8, 17, 57, 15, 4, 8, 17, 57, 15, 4, 8, 17, 57, 15, 4, 8, 17, 57, 15, 4, 8, 17, 57, 15, 4, 8, 17, 57, 15, 4, 8, 17, 57, 15, 4, 8, 17, 57, 15, 4, 8, 17, 57, 15, 4, 8, 17, 57, 15, 4, 8, 17, 57, 15, 4, 8, 17, 57, 15, 4, 8, 17, 57, 15, 4, 8, 17, 57, 15, 4, 8, 17, 57, 15, 4, 8, 17, 57, 15, 4, 8, 17, 57, 15, 4, 8, 17, 57, 15, 4, 8, 17, 57, 15, 4, 8, 17, 57, 15, 4, 8, 17, 57, 15, 4, 8, 17, 57, 15, 4, 8, 17, 57, 15, 4, 8, 17, 57, 15, 4, 8, 17, 57, 15, 4, 8, 17, 57, 15, 4, 8, 17, 57, 15, 4, 8, 17, 57, 15, 4, 8, 17, 57, 15, 4, 8, 17, 57, 
40987, 15, 4, 8, 17, 57, 15, 4, 8, 17, 57, 15, 4, 8, 17, 57, 15, 4, 8, 17, 57, 15, 4, 8, 17, 57, 15, 4, 8, 17, 57, 15, 4, 8, 17, 57, 15, 4, 8, 17, 57, 15, 4, 8, 17, 57, 15, 4, 8, 17, 57, 15, 4, 8, 17, 57, 15, 4, 8, 17, 57, 15, 4, 8, 17, 57, 15, 4, 8, 17, 57, 15, 4, 8, 17, 57, 15, 4, 8, 17, 57, 15, 4, 8, 17, 57, 15, 4, 8, 17, 57, 15, 4, 8, 17, 57, 15, 4, 8, 17, 57, 15, 4, 8, 17, 57, 15, 4, 8, 17, 57, 15, 4, 8, 17, 57, 15, 4, 8, 17, 57, 15, 4, 8, 17, 57, 15, 4, 8, 17, 57, 15, 4, 8, 17, 57, 15, 4, 8, 17, 57, 15, 4, 8, 17, 57, 15, 4, 8, 17, 57, 15, 4, 8, 17, 57, 15, 4, 8, 17, 57, 15, 4, 8, 17, 57, 15, 4, 8, 17, 57, 15, 4, 8, 17, 57, 15, 4, 8, 17, 57, 
42236, 15, 4, 8, 17, 57, 15, 4, 8, 17, 57, 15, 4, 8, 17, 57, 15, 4, 8, 17, 57, 15, 4, 8, 17, 57, 15, 4, 8, 17, 57, 15, 4, 8, 17, 57, 15, 4, 8, 17, 57, 15, 4, 8, 17, 57, 15, 4, 8, 17, 57, 15, 4, 8, 17, 57, 15, 4, 8, 17, 57, 15, 4, 8, 17, 57, 15, 4, 8, 17, 57, 15, 4, 8, 17, 57, 15, 4, 8, 17, 57, 15, 4, 8, 17, 57, 15, 4, 8, 17, 57, 15, 4, 8, 17, 57, 15, 4, 8, 17, 57, 15, 4, 8, 17, 57, 15, 4, 8, 17, 57, 15, 4, 8, 17, 57, 15, 4, 8, 17, 57, 15, 4, 8, 17, 57, 15, 4, 8, 17, 57, 15, 4, 8, 17, 57, 15, 4, 8, 17, 57, 15, 4, 8, 17, 57, 15, 4, 8, 17, 57, 15, 4, 8, 17, 57, 15, 4, 8, 17, 57, 15, 4, 8, 17, 57, 15, 4, 8, 17, 57, 15, 4, 8, 17, 57, 15, 4, 8, 17, 57, 
43484, 15, 4, 8, 17, 57, 15, 4, 8, 17, 57, 15, 4, 8, 17, 57, 15, 4, 8, 17, 57, 15, 4, 8, 17, 57, 15, 4, 8, 17, 57, 15, 4, 8, 17, 57, 15, 4, 8, 17, 57, 15, 4, 8, 17, 57, 15, 4, 8, 17, 57, 15, 4, 8, 17, 57, 15, 4, 8, 17, 57, 15, 4, 8, 17, 57, 15, 4, 8, 17, 57, 15, 4, 8, 17, 57, 15, 4, 8, 17, 57, 15, 4, 8, 17, 57, 15, 4, 8, 17, 57, 15, 4, 8, 17, 57, 15, 4, 8, 17, 57, 15, 4, 8, 17, 57, 15, 4, 8, 17, 57, 15, 4, 8, 17, 57, 15, 4, 8, 17, 57, 15, 4, 8, 17, 57, 15, 4, 8, 17, 57, 15, 4, 8, 17, 57, 15, 4, 8, 17, 57, 15, 4, 8, 17, 57, 15, 4, 8, 17, 57, 15, 4, 8, 17, 57, 15, 4, 8, 17, 57, 15, 4, 8, 17, 57, 15, 4, 8, 17, 57, 15, 4, 8, 17, 57, 15, 4, 8, 17, 57, 
44734, 15, 4, 8, 17, 57, 15, 4, 8, 17, 57, 15, 4, 8, 17, 57, 15, 4, 8, 17, 57, 15, 4, 8, 17, 57, 15, 4, 8, 17, 57, 15, 4, 8, 17, 57, 15, 4, 8, 17, 57, 15, 4, 8, 17, 57, 15, 4, 8, 17, 57, 15, 4, 8, 17, 57, 15, 4, 8, 17, 57, 15, 4, 8, 17, 57, 15, 4, 8, 17, 57, 15, 4, 8, 17, 57, 15, 4, 8, 17, 57, 15, 4, 8, 17, 57, 15, 4, 8, 17, 57, 15, 4, 8, 17, 57, 15, 4, 8, 17, 57, 15, 4, 8, 17, 57, 15, 4, 8, 17, 57, 15, 4, 8, 17, 57, 15, 4, 8, 17, 57, 15, 4, 8, 17, 57, 15, 4, 8, 17, 57, 15, 4, 8, 17, 57, 15, 4, 8, 17, 57, 15, 4, 8, 17, 57, 15, 4, 8, 17, 57, 15, 4, 8, 17, 57, 15, 4, 8, 17, 57, 15, 4, 8, 17, 57, 15, 4, 8, 17, 57, 15, 4, 8, 17, 57, 15, 4, 8, 17, 57, 
45984, 15, 4, 8, 17, 57, 15, 4, 8, 17, 57, 15, 4, 8, 17, 57, 15, 4, 8, 17, 57, 15, 4, 8, 17, 57, 15, 4, 8, 17, 57, 15, 4, 8, 17, 57, 15, 4, 8, 17, 57, 15, 4, 8, 17, 57, 15, 4, 8, 17, 57, 15, 4, 8, 17, 57, 15, 4, 8, 17, 57, 15, 4, 8, 17, 57, 15, 4, 8, 17, 57, 15, 4, 8, 17, 57, 15, 4, 8, 17, 57, 15, 4, 8, 17, 57, 15, 4, 8, 17, 57, 15, 4, 8, 17, 57, 15, 4, 8, 17, 57, 15, 4, 8, 17, 57, 15, 4, 8, 17, 57, 15, 4, 8, 17, 57, 15, 4, 8, 17, 57, 15, 4, 8, 17, 57, 15, 4, 8, 17, 57, 15, 4, 8, 17, 57, 15, 4, 8, 17, 57, 15, 4, 8, 17, 57, 15, 4, 8, 17, 57, 15, 4, 8, 17, 57, 15, 4, 8, 17, 57, 15, 4, 8, 17, 57, 15, 4, 8, 17, 57, 15, 4, 8, 17, 57, 15, 4, 8, 17, 57, 
47234, 15, 4, 8, 17, 57, 15, 4, 8, 17, 57, 15, 4, 8, 17, 57, 15, 4, 8, 17, 57, 15, 4, 8, 17, 57, 15, 4, 8, 17, 57, 15, 4, 8, 17, 57, 15, 4, 8, 17, 57, 15, 4, 8, 17, 57, 15, 4, 8, 17, 57, 15, 4, 8, 17, 57, 15, 4, 8, 17, 57, 15, 4, 8, 17, 57, 15, 4, 8, 17, 57, 15, 4, 8, 17, 57, 15, 4, 8, 17, 57, 15, 4, 8, 17, 57, 15, 4, 8, 17, 57, 15, 4, 8, 17, 57, 15, 4, 8, 17, 57, 15, 4, 8, 17, 57, 15, 4, 8, 17, 57, 15, 4, 8, 17, 57, 15, 4, 8, 17, 57, 15, 4, 8, 17, 57, 15, 4, 8, 17, 57, 15, 4, 8, 17, 57, 15, 4, 8, 17, 57, 15, 4, 8, 17, 57, 15, 4, 8, 17, 57, 15, 4, 8, 17, 57, 15, 4, 8, 17, 57, 15, 4, 8, 17, 57, 15, 4, 8, 17, 57, 15, 4, 8, 17, 57, 15, 4, 8, 17, 57, 
48484, 15, 4, 8, 17, 57, 15, 4, 8, 17, 57, 15, 4, 8, 17, 57, 15, 4, 8, 17, 57, 15, 4, 8, 17, 57, 15, 4, 8, 17, 57, 15, 4, 8, 17, 57, 15, 4, 8, 17, 57, 15, 4, 8, 17, 57, 15, 4, 8, 17, 57, 15, 4, 8, 17, 57, 15, 4, 8, 17, 57, 15, 4, 8, 17, 57, 15, 4, 8, 17, 57, 15, 4, 8, 17, 57, 15, 4, 8, 17, 57, 15, 4, 8, 17, 57, 15, 4, 8, 17, 57, 15, 4, 8, 17, 57, 15, 4, 8, 17, 57, 15, 4, 8, 17, 57, 15, 4, 8, 17, 57, 15, 4, 8, 17, 57, 15, 4, 8, 17, 57, 15, 4, 8, 17, 57, 15, 4, 8, 17, 57, 15, 4, 8, 17, 57, 15, 4, 8, 17, 57, 15, 4, 8, 17, 57, 15, 4, 8, 17, 57, 15, 4, 8, 17, 57, 15, 4, 8, 17, 57, 15, 4, 8, 17, 57, 15, 4, 8, 17, 57, 15, 4, 8, 17, 57, 15, 4, 8, 17, 57, 
49734, 16, 4, 8, 17, 57, 16, 4, 8, 17, 57, 16, 4, 8, 17, 57, 16, 4, 8, 17, 57, 16, 4, 8, 17, 57, 16, 4, 8, 17, 57, 16, 4, 8, 17, 57, 16, 4, 8, 17, 57, 16, 4, 8, 17, 57, 16, 4, 8, 17, 57, 16, 4, 8, 17, 57, 16, 4, 8, 17, 57, 16, 4, 8, 17, 57, 16, 4, 8, 17, 57, 16, 4, 8, 17, 57, 16, 4, 8, 17, 57, 16, 4, 8, 17, 57, 16, 4, 8, 17, 57, 16, 4, 8, 17, 57, 16, 4, 8, 17, 57, 16, 4, 8, 17, 57, 16, 4, 8, 17, 57, 16, 4, 8, 17, 57, 16, 4, 8, 17, 57, 16, 4, 8, 17, 57, 16, 4, 8, 17, 57, 16, 4, 8, 17, 57, 16, 4, 8, 17, 57, 16, 4, 8, 17, 57, 16, 4, 8, 17, 57, 16, 4, 8, 17, 57, 16, 4, 8, 17, 57, 16, 4, 8, 17, 57, 16, 4, 8, 17, 57, 16, 4, 8, 17, 57, 16, 4, 8, 17, 57, 
50984, 13, 4, 8, 17, 59, 13, 4, 8, 17, 59, 13, 4, 8, 17, 59, 13, 4, 8, 17, 59, 13, 4, 8, 17, 59, 13, 4, 8, 17, 59, 13, 4, 8, 17, 59, 13, 4, 8, 17, 59, 13, 4, 8, 17, 59, 13, 4, 8, 17, 59, 13, 4, 8, 17, 59, 13, 4, 8, 17, 59, 13, 4, 8, 17, 59, 13, 4, 8, 17, 59, 13, 4, 8, 17, 59, 13, 4, 8, 17, 59, 13, 4, 8, 17, 59, 13, 4, 8, 17, 59, 13, 4, 8, 17, 59, 13, 4, 8, 17, 59, 13, 4, 8, 17, 59, 13, 4, 8, 17, 59, 13, 4, 8, 17, 59, 13, 4, 8, 17, 59, 13, 4, 8, 17, 59, 13, 4, 8, 17, 59, 13, 4, 8, 17, 59, 13, 4, 8, 17, 59, 13, 4, 8, 17, 59, 13, 4, 8, 17, 59, 13, 4, 8, 17, 59, 13, 4, 8, 17, 59, 13, 4, 8, 17, 59, 13, 4, 8, 17, 59, 13, 4, 8, 17, 59, 13, 4, 8, 17, 59, 
52234, 15, 4, 8, 17, 57, 15, 4, 8, 17, 57, 15, 4, 8, 17, 57, 15, 4, 8, 17, 57, 15, 4, 8, 17, 57, 15, 4, 8, 17, 57, 15, 4, 8, 17, 57, 15, 4, 8, 17, 57, 15, 4, 8, 17, 57, 15, 4, 8, 17, 57, 15, 4, 8, 17, 57, 15, 4, 8, 17, 57, 15, 4, 8, 17, 57, 15, 4, 8, 17, 57, 15, 4, 8, 17, 57, 15, 4, 8, 17, 57, 15, 4, 8, 17, 57, 15, 4, 8, 17, 57, 15, 4, 8, 17, 57, 15, 4, 8, 17, 57, 15, 4, 8, 17, 57, 15, 4, 8, 17, 57, 15, 4, 8, 17, 57, 15, 4, 8, 17, 57, 15, 4, 8, 17, 57, 15, 4, 8, 17, 57, 15, 4, 8, 17, 57, 15, 4, 8, 17, 57, 15, 4, 8, 17, 57, 15, 4, 8, 17, 57, 15, 4, 8, 17, 57, 15, 4, 8, 17, 57, 15, 4, 8, 17, 57, 15, 4, 8, 17, 57, 15, 4, 8, 17, 57, 15, 4, 8, 17, 57, 
53484, 15, 4, 8, 17, 57, 15, 4, 8, 17, 57, 15, 4, 8, 17, 57, 15, 4, 8, 17, 57, 15, 4, 8, 17, 57, 15, 4, 8, 17, 57, 15, 4, 8, 17, 57, 15, 4, 8, 17, 57, 15, 4, 8, 17, 57, 15, 4, 8, 17, 57, 15, 4, 8, 17, 57, 15, 4, 8, 17, 57, 15, 4, 8, 17, 57, 15, 4, 8, 17, 57, 15, 4, 8, 17, 57, 15, 4, 8, 17, 57, 15, 4, 8, 17, 57, 15, 4, 8, 17, 57, 15, 4, 8, 17, 57, 15, 4, 8, 17, 57, 15, 4, 8, 17, 57, 15, 4, 8, 17, 57, 15, 4, 8, 17, 57, 15, 4, 8, 17, 57, 15, 4, 8, 17, 57, 15, 4, 8, 17, 57, 15, 4, 8, 17, 57, 15, 4, 8, 17, 57, 15, 4, 8, 17, 57, 15, 4, 8, 17, 57, 15, 4, 8, 17, 57, 15, 4, 8, 17, 57, 15, 4, 8, 17, 57, 15, 4, 8, 17, 57, 15, 4, 8, 17, 57, 15, 4, 8, 17, 57, 
54734, 15, 4, 8, 17, 57, 15, 4, 8, 17, 57, 15, 4, 8, 17, 57, 15, 4, 8, 17, 57, 15, 4, 8, 17, 57, 15, 4, 8, 17, 57, 15, 4, 8, 17, 57, 15, 4, 8, 17, 57, 15, 4, 8, 17, 57, 15, 4, 8, 17, 57, 15, 4, 8, 17, 57, 15, 4, 8, 17, 57, 15, 4, 8, 17, 57, 15, 4, 8, 17, 57, 15, 4, 8, 17, 57, 15, 4, 8, 17, 57, 15, 4, 8, 17, 57, 15, 4, 8, 17, 57, 15, 4, 8, 17, 57, 15, 4, 8, 17, 57, 15, 4, 8, 17, 57, 15, 4, 8, 17, 57, 15, 4, 8, 17, 57, 15, 4, 8, 17, 57, 15, 4, 8, 17, 57, 15, 4, 8, 17, 57, 15, 4, 8, 17, 57, 15, 4, 8, 17, 57, 15, 4, 8, 17, 57, 15, 4, 8, 17, 57, 15, 4, 8, 17, 57, 15, 4, 8, 17, 57, 15, 4, 8, 17, 57, 15, 4, 8, 17, 57, 15, 4, 8, 17, 57, 15, 4, 8, 17, 57, 
55984, 15, 4, 8, 17, 57, 15, 4, 8, 17, 57, 15, 4, 8, 17, 57, 15, 4, 8, 17, 57, 15, 4, 8, 17, 57, 15, 4, 8, 17, 57, 15, 4, 8, 17, 57, 15, 4, 8, 17, 57, 15, 4, 8, 17, 57, 15, 4, 8, 17, 57, 15, 4, 8, 17, 57, 15, 4, 8, 17, 57, 15, 4, 8, 17, 57, 15, 4, 8, 17, 57, 15, 4, 8, 17, 57, 15, 4, 8, 17, 57, 15, 4, 8, 17, 57, 15, 4, 8, 17, 57, 15, 4, 8, 17, 57, 15, 4, 8, 17, 57, 15, 4, 8, 17, 57, 15, 4, 8, 17, 57, 15, 4, 8, 17, 57, 15, 4, 8, 17, 57, 15, 4, 8, 17, 57, 15, 4, 8, 17, 57, 15, 4, 8, 17, 57, 15, 4, 8, 17, 57, 15, 4, 8, 17, 57, 15, 4, 8, 17, 57, 15, 4, 8, 17, 57, 15, 4, 8, 17, 57, 15, 4, 8, 17, 57, 15, 4, 8, 17, 57, 15, 4, 8, 17, 57, 15, 4, 8, 17, 57, 
57234, 15, 4, 8, 17, 57, 15, 4, 8, 17, 57, 15, 4, 8, 17, 57, 15, 4, 8, 17, 57, 15, 4, 8, 17, 57, 15, 4, 8, 17, 57, 15, 4, 8, 17, 57, 15, 4, 8, 17, 57, 15, 4, 8, 17, 57, 15, 4, 8, 17, 57, 15, 4, 8, 17, 57, 15, 4, 8, 17, 57, 15, 4, 8, 17, 57, 15, 4, 8, 17, 57, 15, 4, 8, 17, 57, 15, 4, 8, 17, 57, 15, 4, 8, 17, 57, 15, 4, 8, 17, 57, 15, 4, 8, 17, 57, 15, 4, 8, 17, 57, 15, 4, 8, 17, 57, 15, 4, 8, 17, 57, 15, 4, 8, 17, 57, 15, 4, 8, 17, 57, 15, 4, 8, 17, 57, 15, 4, 8, 17, 57, 15, 4, 8, 17, 57, 15, 4, 8, 17, 57, 15, 4, 8, 17, 57, 15, 4, 8, 17, 57, 15, 4, 8, 17, 57, 15, 4, 8, 17, 57, 15, 4, 8, 17, 57, 15, 4, 8, 17, 57, 15, 4, 8, 17, 57, 15, 4, 8, 17, 57, 
58483, 15, 4, 8, 17, 57, 15, 4, 8, 17, 57, 15, 4, 8, 17, 57, 15, 4, 8, 17, 57, 15, 4, 8, 17, 57, 15, 4, 8, 17, 57, 15, 4, 8, 17, 57, 15, 4, 8, 17, 57, 15, 4, 8, 17, 57, 15, 4, 8, 17, 57, 15, 4, 8, 17, 57, 15, 4, 8, 17, 57, 15, 4, 8, 17, 57, 15, 4, 8, 17, 57, 15, 4, 8, 17, 57, 15, 4, 8, 17, 57, 15, 4, 8, 17, 57, 15, 4, 8, 17, 57, 15, 4, 8, 17, 57, 15, 4, 8, 17, 57, 15, 4, 8, 17, 57, 15, 4, 8, 17, 57, 15, 4, 8, 17, 57, 15, 4, 8, 17, 57, 15, 4, 8, 17, 57, 15, 4, 8, 17, 57, 15, 4, 8, 17, 57, 15, 4, 8, 17, 57, 15, 4, 8, 17, 57, 15, 4, 8, 17, 57, 15, 4, 8, 17, 57, 15, 4, 8, 17, 57, 15, 4, 8, 17, 57, 15, 4, 8, 17, 57, 15, 4, 8, 17, 57, 15, 4, 8, 17, 57, 
59733, 15, 4, 8, 17, 57, 15, 4, 8, 17, 57, 15, 4, 8, 17, 57, 15, 4, 8, 17, 57, 15, 4, 8, 17, 57, 15, 4, 8, 17, 57, 15, 4, 8, 17, 57, 15, 4, 8, 17, 57, 15, 4, 8, 17, 57, 15, 4, 8, 17, 57, 15, 4, 8, 17, 57, 15, 4, 8, 17, 57, 15, 4, 8, 17, 57, 15, 4, 8, 17, 57, 15, 4, 8, 17, 57, 15, 4, 8, 17, 57, 15, 4, 8, 17, 57, 15, 4, 8, 17, 57, 15, 4, 8, 17, 57, 15, 4, 8, 17, 57, 15, 4, 8, 17, 57, 15, 4, 8, 17, 57, 15, 4, 8, 17, 57, 15, 4, 8, 17, 57, 15, 4, 8, 17, 57, 15, 4, 8, 17, 57, 15, 4, 8, 17, 57, 15, 4, 8, 17, 57, 15, 4, 8, 17, 57, 15, 4, 8, 17, 57, 15, 4, 8, 17, 57, 15, 4, 8, 17, 57, 15, 4, 8, 17, 57, 15, 4, 8, 17, 57, 15, 4, 8, 17, 57, 15, 4, 8, 17, 57, 
60984, 15, 4, 8, 17, 57, 15, 4, 8, 17, 57, 15, 4, 8, 17, 57, 15, 4, 8, 17, 57, 15, 4, 8, 17, 57, 15, 4, 8, 17, 57, 15, 4, 8, 17, 57, 15, 4, 8, 17, 57, 15, 4, 8, 17, 57, 15, 4, 8, 17, 57, 15, 4, 8, 17, 57, 15, 4, 8, 17, 57, 15, 4, 8, 17, 57, 15, 4, 8, 17, 57, 15, 4, 8, 17, 57, 15, 4, 8, 17, 57, 15, 4, 8, 17, 57, 15, 4, 8, 17, 57, 15, 4, 8, 17, 57, 15, 4, 8, 17, 57, 15, 4, 8, 17, 57, 15, 4, 8, 17, 57, 15, 4, 8, 17, 57, 15, 4, 8, 17, 57, 15, 4, 8, 17, 57, 15, 4, 8, 17, 57, 15, 4, 8, 17, 57, 15, 4, 8, 17, 57, 15, 4, 8, 17, 57, 15, 4, 8, 17, 57, 15, 4, 8, 17, 57, 15, 4, 8, 17, 57, 15, 4, 8, 17, 57, 15, 4, 8, 17, 57, 15, 4, 8, 17, 57, 15, 4, 8, 17, 57, 
62234, 15, 4, 8, 17, 57, 15, 4, 8, 17, 57, 15, 4, 8, 17, 57, 15, 4, 8, 17, 57, 15, 4, 8, 17, 57, 15, 4, 8, 17, 57, 15, 4, 8, 17, 57, 15, 4, 8, 17, 57, 15, 4, 8, 17, 57, 15, 4, 8, 17, 57, 15, 4, 8, 17, 57, 15, 4, 8, 17, 57, 15, 4, 8, 17, 57, 15, 4, 8, 17, 57, 15, 4, 8, 17, 57, 15, 4, 8, 17, 57, 15, 4, 8, 17, 57, 15, 4, 8, 17, 57, 15, 4, 8, 17, 57, 15, 4, 8, 17, 57, 15, 4, 8, 17, 57, 15, 4, 8, 17, 57, 15, 4, 8, 17, 57, 15, 4, 8, 17, 57, 15, 4, 8, 17, 57, 15, 4, 8, 17, 57, 15, 4, 8, 17, 57, 15, 4, 8, 17, 57, 15, 4, 8, 17, 57, 15, 4, 8, 17, 57, 15, 4, 8, 17, 57, 15, 4, 8, 17, 57, 15, 4, 8, 17, 57, 15, 4, 8, 17, 57, 15, 4, 8, 17, 57, 15, 4, 8, 17, 57, 
63483, 15, 4, 8, 17, 57, 15, 4, 8, 17, 57, 15, 4, 8, 17, 57, 15, 4, 8, 17, 57, 15, 4, 8, 17, 57, 15, 4, 8, 17, 57, 15, 4, 8, 17, 57, 15, 4, 8, 17, 57, 15, 4, 8, 17, 57, 15, 4, 8, 17, 57, 15, 4, 8, 17, 57, 15, 4, 8, 17, 57, 15, 4, 8, 17, 57, 15, 4, 8, 17, 57, 15, 4, 8, 17, 57, 15, 4, 8, 17, 57, 15, 4, 8, 17, 57, 15, 4, 8, 17, 57, 15, 4, 8, 17, 57, 15, 4, 8, 17, 57, 15, 4, 8, 17, 57, 15, 4, 8, 17, 57, 15, 4, 8, 17, 57, 15, 4, 8, 17, 57, 15, 4, 8, 17, 57, 15, 4, 8, 17, 57, 15, 4, 8, 17, 57, 15, 4, 8, 17, 57, 15, 4, 8, 17, 57, 15, 4, 8, 17, 57, 15, 4, 8, 17, 57, 15, 4, 8, 17, 57, 15, 4, 8, 17, 57, 15, 4, 8, 17, 57, 15, 4, 8, 17, 57, 15, 4, 8, 17, 57, 
64734, 15, 4, 8, 17, 57, 15, 4, 8, 17, 57, 15, 4, 8, 17, 57, 15, 4, 8, 17, 57, 15, 4, 8, 17, 57, 15, 4, 8, 17, 57, 15, 4, 8, 17, 57, 15, 4, 8, 17, 57, 15, 4, 8, 17, 57, 15, 4, 8, 17, 57, 15, 4, 8, 17, 57, 15, 4, 8, 17, 57, 15, 4, 8, 17, 57, 15, 4, 8, 17, 57, 15, 4, 8, 17, 57, 15, 4, 8, 17, 57, 15, 4, 8, 17, 57, 15, 4, 8, 17, 57, 15, 4, 8, 17, 57, 15, 4, 8, 17, 57, 15, 4, 8, 17, 57, 15, 4, 8, 17, 57, 15, 4, 8, 17, 57, 15, 4, 8, 17, 57, 15, 4, 8, 17, 57, 15, 4, 8, 17, 57, 15, 4, 8, 17, 57, 15, 4, 8, 17, 57, 15, 4, 8, 17, 57, 15, 4, 8, 17, 57, 15, 4, 8, 17, 57, 15, 4, 8, 17, 57, 15, 4, 8, 17, 57, 15, 4, 8, 17, 57, 15, 4, 8, 17, 57, 15, 4, 8, 17, 57, 
65983, 15, 4, 8, 17, 57, 15, 4, 8, 17, 57, 15, 4, 8, 17, 57, 15, 4, 8, 17, 57, 15, 4, 8, 17, 57, 15, 4, 8, 17, 57, 15, 4, 8, 17, 57, 15, 4, 8, 17, 57, 15, 4, 8, 17, 57, 15, 4, 8, 17, 57, 15, 4, 8, 17, 57, 15, 4, 8, 17, 57, 15, 4, 8, 17, 57, 15, 4, 8, 17, 57, 15, 4, 8, 17, 57, 15, 4, 8, 17, 57, 15, 4, 8, 17, 57, 15, 4, 8, 17, 57, 15, 4, 8, 17, 57, 15, 4, 8, 17, 57, 15, 4, 8, 17, 57, 15, 4, 8, 17, 57, 15, 4, 8, 17, 57, 15, 4, 8, 17, 57, 15, 4, 8, 17, 57, 15, 4, 8, 17, 57, 15, 4, 8, 17, 57, 15, 4, 8, 17, 57, 15, 4, 8, 17, 57, 15, 4, 8, 17, 57, 15, 4, 8, 17, 57, 15, 4, 8, 17, 57, 15, 4, 8, 17, 57, 15, 4, 8, 17, 57, 15, 4, 8, 17, 57, 15, 4, 8, 17, 57, 
67233, 15, 4, 8, 17, 57, 15, 4, 8, 17, 57, 15, 4, 8, 17, 57, 15, 4, 8, 17, 57, 15, 4, 8, 17, 57, 15, 4, 8, 17, 57, 15, 4, 8, 17, 57, 15, 4, 8, 17, 57, 15, 4, 8, 17, 57, 15, 4, 8, 17, 57, 15, 4, 8, 17, 57, 15, 4, 8, 17, 57, 15, 4, 8, 17, 57, 15, 4, 8, 17, 57, 15, 4, 8, 17, 57, 15, 4, 8, 17, 57, 15, 4, 8, 17, 57, 15, 4, 8, 17, 57, 15, 4, 8, 17, 57, 15, 4, 8, 17, 57, 15, 4, 8, 17, 57, 15, 4, 8, 17, 57, 15, 4, 8, 17, 57, 15, 4, 8, 17, 57, 15, 4, 8, 17, 57, 15, 4, 8, 17, 57, 15, 4, 8, 17, 57, 15, 4, 8, 17, 57, 15, 4, 8, 17, 57, 15, 4, 8, 17, 57, 15, 4, 8, 17, 57, 15, 4, 8, 17, 57, 15, 4, 8, 17, 57, 15, 4, 8, 17, 57, 15, 4, 8, 17, 57, 15, 4, 8, 17, 57, 
68484, 15, 4, 8, 17, 57, 15, 4, 8, 17, 57, 15, 4, 8, 17, 57, 15, 4, 8, 17, 57, 15, 4, 8, 17, 57, 15, 4, 8, 17, 57, 15, 4, 8, 17, 57, 15, 4, 8, 17, 57, 15, 4, 8, 17, 57, 15, 4, 8, 17, 57, 15, 4, 8, 17, 57, 15, 4, 8, 17, 57, 15, 4, 8, 17, 57, 15, 4, 8, 17, 57, 15, 4, 8, 17, 57, 15, 4, 8, 17, 57, 15, 4, 8, 17, 57, 15, 4, 8, 17, 57, 15, 4, 8, 17, 57, 15, 4, 8, 17, 57, 15, 4, 8, 17, 57, 15, 4, 8, 17, 57, 15, 4, 8, 17, 57, 15, 4, 8, 17, 57, 15, 4, 8, 17, 57, 15, 4, 8, 17, 57, 15, 4, 8, 17, 57, 15, 4, 8, 17, 57, 15, 4, 8, 17, 57, 15, 4, 8, 17, 57, 15, 4, 8, 17, 57, 15, 4, 8, 17, 57, 15, 4, 8, 17, 57, 15, 4, 8, 17, 57, 15, 4, 8, 17, 57, 15, 4, 8, 17, 57, 
69733, 15, 4, 8, 17, 57, 15, 4, 8, 17, 57, 15, 4, 8, 17, 57, 15, 4, 8, 17, 57, 15, 4, 8, 17, 57, 15, 4, 8, 17, 57, 15, 4, 8, 17, 57, 15, 4, 8, 17, 57, 15, 4, 8, 17, 57, 15, 4, 8, 17, 57, 15, 4, 8, 17, 57, 15, 4, 8, 17, 57, 15, 4, 8, 17, 57, 15, 4, 8, 17, 57, 15, 4, 8, 17, 57, 15, 4, 8, 17, 57, 15, 4, 8, 17, 57, 15, 4, 8, 17, 57, 15, 4, 8, 17, 57, 15, 4, 8, 17, 57, 15, 4, 8, 17, 57, 15, 4, 8, 17, 57, 15, 4, 8, 17, 57, 15, 4, 8, 17, 57, 15, 4, 8, 17, 57, 15, 4, 8, 17, 57, 15, 4, 8, 17, 57, 15, 4, 8, 17, 57, 15, 4, 8, 17, 57, 15, 4, 8, 17, 57, 15, 4, 8, 17, 57, 15, 4, 8, 17, 57, 15, 4, 8, 17, 57, 15, 4, 8, 17, 57, 15, 4, 8, 17, 57, 15, 4, 8, 17, 57, 
70984, 15, 4, 8, 17, 57, 15, 4, 8, 17, 57, 15, 4, 8, 17, 57, 15, 4, 8, 17, 57, 15, 4, 8, 17, 57, 15, 4, 8, 17, 57, 15, 4, 8, 17, 57, 15, 4, 8, 17, 57, 15, 4, 8, 17, 57, 15, 4, 8, 17, 57, 15, 4, 8, 17, 57, 15, 4, 8, 17, 57, 15, 4, 8, 17, 57, 15, 4, 8, 17, 57, 15, 4, 8, 17, 57, 15, 4, 8, 17, 57, 15, 4, 8, 17, 57, 15, 4, 8, 17, 57, 15, 4, 8, 17, 57, 15, 4, 8, 17, 57, 15, 4, 8, 17, 57, 15, 4, 8, 17, 57, 15, 4, 8, 17, 57, 15, 4, 8, 17, 57, 15, 4, 8, 17, 57, 15, 4, 8, 17, 57, 15, 4, 8, 17, 57, 15, 4, 8, 17, 57, 15, 4, 8, 17, 57, 15, 4, 8, 17, 57, 15, 4, 8, 17, 57, 15, 4, 8, 17, 57, 15, 4, 8, 17, 57, 15, 4, 8, 17, 57, 15, 4, 8, 17, 57, 15, 4, 8, 17, 57, 
72233, 15, 4, 8, 17, 57, 15, 4, 8, 17, 57, 15, 4, 8, 17, 57, 15, 4, 8, 17, 57, 15, 4, 8, 17, 57, 15, 4, 8, 17, 57, 15, 4, 8, 17, 57, 15, 4, 8, 17, 57, 15, 4, 8, 17, 57, 15, 4, 8, 17, 57, 15, 4, 8, 17, 57, 15, 4, 8, 17, 57, 15, 4, 8, 17, 57, 15, 4, 8, 17, 57, 15, 4, 8, 17, 57, 15, 4, 8, 17, 57, 15, 4, 8, 17, 57, 15, 4, 8, 17, 57, 15, 4, 8, 17, 57, 15, 4, 8, 17, 57, 15, 4, 8, 17, 57, 15, 4, 8, 17, 57, 15, 4, 8, 17, 57, 15, 4, 8, 17, 57, 15, 4, 8, 17, 57, 15, 4, 8, 17, 57, 15, 4, 8, 17, 57, 15, 4, 8, 17, 57, 15, 4, 8, 17, 57, 15, 4, 8, 17, 57, 15, 4, 8, 17, 57, 15, 4, 8, 17, 57, 15, 4, 8, 17, 57, 15, 4, 8, 17, 57, 15, 4, 8, 17, 57, 15, 4, 8, 17, 57, 
73484, 15, 4, 8, 17, 57, 15, 4, 8, 17, 57, 15, 4, 8, 17, 57, 15, 4, 8, 17, 57, 15, 4, 8, 17, 57, 15, 4, 8, 17, 57, 15, 4, 8, 17, 57, 15, 4, 8, 17, 57, 15, 4, 8, 17, 57, 15, 4, 8, 17, 57, 15, 4, 8, 17, 57, 15, 4, 8, 17, 57, 15, 4, 8, 17, 57, 15, 4, 8, 17, 57, 15, 4, 8, 17, 57, 15, 4, 8, 17, 57, 15, 4, 8, 17, 57, 15, 4, 8, 17, 57, 15, 4, 8, 17, 57, 15, 4, 8, 17, 57, 15, 4, 8, 17, 57, 15, 4, 8, 17, 57, 15, 4, 8, 17, 57, 15, 4, 8, 17, 57, 15, 4, 8, 17, 57, 15, 4, 8, 17, 57, 15, 4, 8, 17, 57, 15, 4, 8, 17, 57, 15, 4, 8, 17, 57, 15, 4, 8, 17, 57, 15, 4, 8, 17, 57, 15, 4, 8, 17, 57, 15, 4, 8, 17, 57, 15, 4, 8, 17, 57, 15, 4, 8, 17, 57, 15, 4, 8, 17, 57, 
74734, 15, 4, 8, 17, 57, 15, 4, 8, 17, 57, 15, 4, 8, 17, 57, 15, 4, 8, 17, 57, 15, 4, 8, 17, 57, 15, 4, 8, 17, 57, 15, 4, 8, 17, 57, 15, 4, 8, 17, 57, 15, 4, 8, 17, 57, 15, 4, 8, 17, 57, 15, 4, 8, 17, 57, 15, 4, 8, 17, 57, 15, 4, 8, 17, 57, 15, 4, 8, 17, 57, 15, 4, 8, 17, 57, 15, 4, 8, 17, 57, 15, 4, 8, 17, 57, 15, 4, 8, 17, 57, 15, 4, 8, 17, 57, 15, 4, 8, 17, 57, 15, 4, 8, 17, 57, 15, 4, 8, 17, 57, 15, 4, 8, 17, 57, 15, 4, 8, 17, 57, 15, 4, 8, 17, 57, 15, 4, 8, 17, 57, 15, 4, 8, 17, 57, 15, 4, 8, 17, 57, 15, 4, 8, 17, 57, 15, 4, 8, 17, 57, 15, 4, 8, 17, 57, 15, 4, 8, 17, 57, 15, 4, 8, 17, 57, 15, 4, 8, 17, 57, 15, 4, 8, 17, 57, 15, 4, 8, 17, 57, 
75984, 16, 4, 8, 16, 56, 16, 4, 8, 16, 56, 16, 4, 8, 16, 56, 16, 4, 8, 16, 56, 16, 4, 8, 16, 56, 16, 4, 8, 16, 56, 16, 4, 8, 16, 56, 16, 4, 8, 16, 56, 16, 4, 8, 16, 56, 16, 4, 8, 16, 56, 16, 4, 8, 16, 56, 16, 4, 8, 16, 56, 16, 4, 8, 16, 56, 16, 4, 8, 16, 56, 16, 4, 8, 16, 56, 16, 4, 8, 16, 56, 16, 4, 8, 16, 56, 16, 4, 8, 16, 56, 16, 4, 8, 16, 56, 16, 4, 8, 16, 56, 16, 4, 8, 16, 56, 16, 4, 8, 16, 56, 16, 4, 8, 16, 56, 16, 4, 8, 16, 56, 16, 4, 8, 16, 56, 16, 4, 8, 16, 56, 16, 4, 8, 16, 56, 16, 4, 8, 16, 56, 16, 4, 8, 16, 56, 16, 4, 8, 16, 56, 16, 4, 8, 16, 56, 16, 4, 8, 16, 56, 16, 4, 8, 16, 56, 16, 4, 8, 16, 56, 16, 4, 8, 16, 56, 16, 4, 8, 16, 56, 
77234, 15, 4, 8, 17, 57, 15, 4, 8, 17, 57, 15, 4, 8, 17, 57, 15, 4, 8, 17, 57, 15, 4, 8, 17, 57, 15, 4, 8, 17, 57, 15, 4, 8, 17, 57, 15, 4, 8, 17, 57, 15, 4, 8, 17, 57, 15, 4, 8, 17, 57, 15, 4, 8, 17, 57, 15, 4, 8, 17, 57, 15, 4, 8, 17, 57, 15, 4, 8, 17, 57, 15, 4, 8, 17, 57, 15, 4, 8, 17, 57, 15, 4, 8, 17, 57, 15, 4, 8, 17, 57, 15, 4, 8, 17, 57, 15, 4, 8, 17, 57, 15, 4, 8, 17, 57, 15, 4, 8, 17, 57, 15, 4, 8, 17, 57, 15, 4, 8, 17, 57, 15, 4, 8, 17, 57, 15, 4, 8, 17, 57, 15, 4, 8, 17, 57, 15, 4, 8, 17, 57, 15, 4, 8, 17, 57, 15, 4, 8, 17, 57, 15, 4, 8, 17, 57, 15, 4, 8, 17, 57, 15, 4, 8, 17, 57, 15, 4, 8, 17, 57, 15, 4, 8, 17, 57, 15, 4, 8, 17, 57, 
78484, 15, 4, 8, 17, 57, 15, 4, 8, 17, 57, 15, 4, 8, 17, 57, 15, 4, 8, 17, 57, 15, 4, 8, 17, 57, 15, 4, 8, 17, 57, 15, 4, 8, 17, 57, 15, 4, 8, 17, 57, 15, 4, 8, 17, 57, 15, 4, 8, 17, 57, 15, 4, 8, 17, 57, 15, 4, 8, 17, 57, 15, 4, 8, 17, 57, 15, 4, 8, 17, 57, 15, 4, 8, 17, 57, 15, 4, 8, 17, 57, 15, 4, 8, 17, 57, 15, 4, 8, 17, 57, 15, 4, 8, 17, 57, 15, 4, 8, 17, 57, 15, 4, 8, 17, 57, 15, 4, 8, 17, 57, 15, 4, 8, 17, 57, 15, 4, 8, 17, 57, 15, 4, 8, 17, 57, 15, 4, 8, 17, 57, 15, 4, 8, 17, 57, 15, 4, 8, 17, 57, 15, 4, 8, 17, 57, 15, 4, 8, 17, 57, 15, 4, 8, 17, 57, 15, 4, 8, 17, 57, 15, 4, 8, 17, 57, 15, 4, 8, 17, 57, 15, 4, 8, 17, 57, 15, 4, 8, 17, 57, 
79734, 16, 4, 8, 17, 57, 16, 4, 8, 17, 57, 16, 4, 8, 17, 57, 16, 4, 8, 17, 57, 16, 4, 8, 17, 57, 16, 4, 8, 17, 57, 16, 4, 8, 17, 57, 16, 4, 8, 17, 57, 16, 4, 8, 17, 57, 16, 4, 8, 17, 57, 16, 4, 8, 17, 57, 16, 4, 8, 17, 57, 16, 4, 8, 17, 57, 16, 4, 8, 17, 57, 16, 4, 8, 17, 57, 16, 4, 8, 17, 57, 16, 4, 8, 17, 57, 16, 4, 8, 17, 57, 16, 4, 8, 17, 57, 16, 4, 8, 17, 57, 16, 4, 8, 17, 57, 16, 4, 8, 17, 57, 16, 4, 8, 17, 57, 16, 4, 8, 17, 57, 16, 4, 8, 17, 57, 16, 4, 8, 17, 57, 16, 4, 8, 17, 57, 16, 4, 8, 17, 57, 16, 4, 8, 17, 57, 16, 4, 8, 17, 57, 16, 4, 8, 17, 57, 16, 4, 8, 17, 57, 16, 4, 8, 17, 57, 16, 4, 8, 17, 57, 16, 4, 8, 17, 57, 16, 4, 8, 17, 57, 
80983, 15, 4, 8, 17, 57, 15, 4, 8, 17, 57, 15, 4, 8, 17, 57, 15, 4, 8, 17, 57, 15, 4, 8, 17, 57, 15, 4, 8, 17, 57, 15, 4, 8, 17, 57, 15, 4, 8, 17, 57, 15, 4, 8, 17, 57, 15, 4, 8, 17, 57, 15, 4, 8, 17, 57, 15, 4, 8, 17, 57, 15, 4, 8, 17, 57, 15, 4, 8, 17, 57, 15, 4, 8, 17, 57, 15, 4, 8, 17, 57, 15, 4, 8, 17, 57, 15, 4, 8, 17, 57, 15, 4, 8, 17, 57, 15, 4, 8, 17, 57, 15, 4, 8, 17, 57, 15, 4, 8, 17, 57, 15, 4, 8, 17, 57, 15, 4, 8, 17, 57, 15, 4, 8, 17, 57, 15, 4, 8, 17, 57, 15, 4, 8, 17, 57, 15, 4, 8, 17, 57, 15, 4, 8, 17, 57, 15, 4, 8, 17, 57, 15, 4, 8, 17, 57, 15, 4, 8, 17, 57, 15, 4, 8, 17, 57, 15, 4, 8, 17, 57, 15, 4, 8, 17, 57, 15, 4, 8, 17, 57, 
82234, 15, 4, 8, 17, 57, 15, 4, 8, 17, 57, 15, 4, 8, 17, 57, 15, 4, 8, 17, 57, 15, 4, 8, 17, 57, 15, 4, 8, 17, 57, 15, 4, 8, 17, 57, 15, 4, 8, 17, 57, 15, 4, 8, 17, 57, 15, 4, 8, 17, 57, 15, 4, 8, 17, 57, 15, 4, 8, 17, 57, 15, 4, 8, 17, 57, 15, 4, 8, 17, 57, 15, 4, 8, 17, 57, 15, 4, 8, 17, 57, 15, 4, 8, 17, 57, 15, 4, 8, 17, 57, 15, 4, 8, 17, 57, 15, 4, 8, 17, 57, 15, 4, 8, 17, 57, 15, 4, 8, 17, 57, 15, 4, 8, 17, 57, 15, 4, 8, 17, 57, 15, 4, 8, 17, 57, 15, 4, 8, 17, 57, 15, 4, 8, 17, 57, 15, 4, 8, 17, 57, 15, 4, 8, 17, 57, 15, 4, 8, 17, 57, 15, 4, 8, 17, 57, 15, 4, 8, 17, 57, 15, 4, 8, 17, 57, 15, 4, 8, 17, 57, 15, 4, 8, 17, 57, 15, 4, 8, 17, 57, 
83484, 15, 4, 8, 17, 57, 15, 4, 8, 17, 57, 15, 4, 8, 17, 57, 15, 4, 8, 17, 57, 15, 4, 8, 17, 57, 15, 4, 8, 17, 57, 15, 4, 8, 17, 57, 15, 4, 8, 17, 57, 15, 4, 8, 17, 57, 15, 4, 8, 17, 57, 15, 4, 8, 17, 57, 15, 4, 8, 17, 57, 15, 4, 8, 17, 57, 15, 4, 8, 17, 57, 15, 4, 8, 17, 57, 15, 4, 8, 17, 57, 15, 4, 8, 17, 57, 15, 4, 8, 17, 57, 15, 4, 8, 17, 57, 15, 4, 8, 17, 57, 15, 4, 8, 17, 57, 15, 4, 8, 17, 57, 15, 4, 8, 17, 57, 15, 4, 8, 17, 57, 15, 4, 8, 17, 57, 15, 4, 8, 17, 57, 15, 4, 8, 17, 57, 15, 4, 8, 17, 57, 15, 4, 8, 17, 57, 15, 4, 8, 17, 57, 15, 4, 8, 17, 57, 15, 4, 8, 17, 57, 15, 4, 8, 17, 57, 15, 4, 8, 17, 57, 15, 4, 8, 17, 57, 15, 4, 8, 17, 57, 
84734, 15, 4, 8, 17, 57, 15, 4, 8, 17, 57, 15, 4, 8, 17, 57, 15, 4, 8, 17, 57, 15, 4, 8, 17, 57, 15, 4, 8, 17, 57, 15, 4, 8, 17, 57, 15, 4, 8, 17, 57, 15, 4, 8, 17, 57, 15, 4, 8, 17, 57, 15, 4, 8, 17, 57, 15, 4, 8, 17, 57, 15, 4, 8, 17, 57, 15, 4, 8, 17, 57, 15, 4, 8, 17, 57, 15, 4, 8, 17, 57, 15, 4, 8, 17, 57, 15, 4, 8, 17, 57, 15, 4, 8, 17, 57, 15, 4, 8, 17, 57, 15, 4, 8, 17, 57, 15, 4, 8, 17, 57, 15, 4, 8, 17, 57, 15, 4, 8, 17, 57, 15, 4, 8, 17, 57, 15, 4, 8, 17, 57, 15, 4, 8, 17, 57, 15, 4, 8, 17, 57, 15, 4, 8, 17, 57, 15, 4, 8, 17, 57, 15, 4, 8, 17, 57, 15, 4, 8, 17, 57, 15, 4, 8, 17, 57, 15, 4, 8, 17, 57, 15, 4, 8, 17, 57, 15, 4, 8, 17, 57, 
85984, 15, 4, 8, 17, 57, 15, 4, 8, 17, 57, 15, 4, 8, 17, 57, 15, 4, 8, 17, 57, 15, 4, 8, 17, 57, 15, 4, 8, 17, 57, 15, 4, 8, 17, 57, 15, 4, 8, 17, 57, 15, 4, 8, 17, 57, 15, 4, 8, 17, 57, 15, 4, 8, 17, 57, 15, 4, 8, 17, 57, 15, 4, 8, 17, 57, 15, 4, 8, 17, 57, 15, 4, 8, 17, 57, 15, 4, 8, 17, 57, 15, 4, 8, 17, 57, 15, 4, 8, 17, 57, 15, 4, 8, 17, 57, 15, 4, 8, 17, 57, 15, 4, 8, 17, 57, 15, 4, 8, 17, 57, 15, 4, 8, 17, 57, 15, 4, 8, 17, 57, 15, 4, 8, 17, 57, 15, 4, 8, 17, 57, 15, 4, 8, 17, 57, 15, 4, 8, 17, 57, 15, 4, 8, 17, 57, 15, 4, 8, 17, 57, 15, 4, 8, 17, 57, 15, 4, 8, 17, 57, 15, 4, 8, 17, 57, 15, 4, 8, 17, 57, 15, 4, 8, 17, 57, 15, 4, 8, 17, 57, 
87234, 15, 4, 8, 17, 57, 15, 4, 8, 17, 57, 15, 4, 8, 17, 57, 15, 4, 8, 17, 57, 15, 4, 8, 17, 57, 15, 4, 8, 17, 57, 15, 4, 8, 17, 57, 15, 4, 8, 17, 57, 15, 4, 8, 17, 57, 15, 4, 8, 17, 57, 15, 4, 8, 17, 57, 15, 4, 8, 17, 57, 15, 4, 8, 17, 57, 15, 4, 8, 17, 57, 15, 4, 8, 17, 57, 15, 4, 8, 17, 57, 15, 4, 8, 17, 57, 15, 4, 8, 17, 57, 15, 4, 8, 17, 57, 15, 4, 8, 17, 57, 15, 4, 8, 17, 57, 15, 4, 8, 17, 57, 15, 4, 8, 17, 57, 15, 4, 8, 17, 57, 15, 4, 8, 17, 57, 15, 4, 8, 17, 57, 15, 4, 8, 17, 57, 15, 4, 8, 17, 57, 15, 4, 8, 17, 57, 15, 4, 8, 17, 57, 15, 4, 8, 17, 57, 15, 4, 8, 17, 57, 15, 4, 8, 17, 57, 15, 4, 8, 17, 57, 15, 4, 8, 17, 57, 15, 4, 8, 17, 57, 
88483, 15, 4, 8, 17, 57, 15, 4, 8, 17, 57, 15, 4, 8, 17, 57, 15, 4, 8, 17, 57, 15, 4, 8, 17, 57, 15, 4, 8, 17, 57, 15, 4, 8, 17, 57, 15, 4, 8, 17, 57, 15, 4, 8, 17, 57, 15, 4, 8, 17, 57, 15, 4, 8, 17, 57, 15, 4, 8, 17, 57, 15, 4, 8, 17, 57, 15, 4, 8, 17, 57, 15, 4, 8, 17, 57, 15, 4, 8, 17, 57, 15, 4, 8, 17, 57, 15, 4, 8, 17, 57, 15, 4, 8, 17, 57, 15, 4, 8, 17, 57, 15, 4, 8, 17, 57, 15, 4, 8, 17, 57, 15, 4, 8, 17, 57, 15, 4, 8, 17, 57, 15, 4, 8, 17, 57, 15, 4, 8, 17, 57, 15, 4, 8, 17, 57, 15, 4, 8, 17, 57, 15, 4, 8, 17, 57, 15, 4, 8, 17, 57, 15, 4, 8, 17, 57, 15, 4, 8, 17, 57, 15, 4, 8, 17, 57, 15, 4, 8, 17, 57, 15, 4, 8, 17, 57, 15, 4, 8, 17, 57, 
89734, 16, 4, 8, 17, 57, 16, 4, 8, 17, 57, 16, 4, 8, 17, 57, 16, 4, 8, 17, 57, 16, 4, 8, 17, 57, 16, 4, 8, 17, 57, 16, 4, 8, 17, 57, 16, 4, 8, 17, 57, 16, 4, 8, 17, 57, 16, 4, 8, 17, 57, 16, 4, 8, 17, 57, 16, 4, 8, 17, 57, 16, 4, 8, 17, 57, 16, 4, 8, 17, 57, 16, 4, 8, 17, 57, 16, 4, 8, 17, 57, 16, 4, 8, 17, 57, 16, 4, 8, 17, 57, 16, 4, 8, 17, 57, 16, 4, 8, 17, 57, 16, 4, 8, 17, 57, 16, 4, 8, 17, 57, 16, 4, 8, 17, 57, 16, 4, 8, 17, 57, 16, 4, 8, 17, 57, 16, 4, 8, 17, 57, 16, 4, 8, 17, 57, 16, 4, 8, 17, 57, 16, 4, 8, 17, 57, 16, 4, 8, 17, 57, 16, 4, 8, 17, 57, 16, 4, 8, 17, 57, 16, 4, 8, 17, 57, 16, 4, 8, 17, 57, 16, 4, 8, 17, 57, 16, 4, 8, 17, 57, 
90984, 15, 4, 8, 17, 57, 15, 4, 8, 17, 57, 15, 4, 8, 17, 57, 15, 4, 8, 17, 57, 15, 4, 8, 17, 57, 15, 4, 8, 17, 57, 15, 4, 8, 17, 57, 15, 4, 8, 17, 57, 15, 4, 8, 17, 57, 15, 4, 8, 17, 57, 15, 4, 8, 17, 57, 15, 4, 8, 17, 57, 15, 4, 8, 17, 57, 15, 4, 8, 17, 57, 15, 4, 8, 17, 57, 15, 4, 8, 17, 57, 15, 4, 8, 17, 57, 15, 4, 8, 17, 57, 15, 4, 8, 17, 57, 15, 4, 8, 17, 57, 15, 4, 8, 17, 57, 15, 4, 8, 17, 57, 15, 4, 8, 17, 57, 15, 4, 8, 17, 57, 15, 4, 8, 17, 57, 15, 4, 8, 17, 57, 15, 4, 8, 17, 57, 15, 4, 8, 17, 57, 15, 4, 8, 17, 57, 15, 4, 8, 17, 57, 15, 4, 8, 17, 57, 15, 4, 8, 17, 57, 15, 4, 8, 17, 57, 15, 4, 8, 17, 57, 15, 4, 8, 17, 57, 15, 4, 8, 17, 57, 
92234, 15, 4, 8, 17, 57, 15, 4, 8, 17, 57, 15, 4, 8, 17, 57, 15, 4, 8, 17, 57, 15, 4, 8, 17, 57, 15, 4, 8, 17, 57, 15, 4, 8, 17, 57, 15, 4, 8, 17, 57, 15, 4, 8, 17, 57, 15, 4, 8, 17, 57, 15, 4, 8, 17, 57, 15, 4, 8, 17, 57, 15, 4, 8, 17, 57, 15, 4, 8, 17, 57, 15, 4, 8, 17, 57, 15, 4, 8, 17, 57, 15, 4, 8, 17, 57, 15, 4, 8, 17, 57, 15, 4, 8, 17, 57, 15, 4, 8, 17, 57, 15, 4, 8, 17, 57, 15, 4, 8, 17, 57, 15, 4, 8, 17, 57, 15, 4, 8, 17, 57, 15, 4, 8, 17, 57, 15, 4, 8, 17, 57, 15, 4, 8, 17, 57, 15, 4, 8, 17, 57, 15, 4, 8, 17, 57, 15, 4, 8, 17, 57, 15, 4, 8, 17, 57, 15, 4, 8, 17, 57, 15, 4, 8, 17, 57, 15, 4, 8, 17, 57, 15, 4, 8, 17, 57, 15, 4, 8, 17, 57, 
93484, 15, 4, 8, 17, 57, 15, 4, 8, 17, 57, 15, 4, 8, 17, 57, 15, 4, 8, 17, 57, 15, 4, 8, 17, 57, 15, 4, 8, 17, 57, 15, 4, 8, 17, 57, 15, 4, 8, 17, 57, 15, 4, 8, 17, 57, 15, 4, 8, 17, 57, 15, 4, 8, 17, 57, 15, 4, 8, 17, 57, 15, 4, 8, 17, 57, 15, 4, 8, 17, 57, 15, 4, 8, 17, 57, 15, 4, 8, 17, 57, 15, 4, 8, 17, 57, 15, 4, 8, 17, 57, 15, 4, 8, 17, 57, 15, 4, 8, 17, 57, 15, 4, 8, 17, 57, 15, 4, 8, 17, 57, 15, 4, 8, 17, 57, 15, 4, 8, 17, 57, 15, 4, 8, 17, 57, 15, 4, 8, 17, 57, 15, 4, 8, 17, 57, 15, 4, 8, 17, 57, 15, 4, 8, 17, 57, 15, 4, 8, 17, 57, 15, 4, 8, 17, 57, 15, 4, 8, 17, 57, 15, 4, 8, 17, 57, 15, 4, 8, 17, 57, 15, 4, 8, 17, 57, 15, 4, 8, 17, 57, 
94734, 15, 4, 8, 17, 57, 15, 4, 8, 17, 57, 15, 4, 8, 17, 57, 15, 4, 8, 17, 57, 15, 4, 8, 17, 57, 15, 4, 8, 17, 57, 15, 4, 8, 17, 57, 15, 4, 8, 17, 57, 15, 4, 8, 17, 57, 15, 4, 8, 17, 57, 15, 4, 8, 17, 57, 15, 4, 8, 17, 57, 15, 4, 8, 17, 57, 15, 4, 8, 17, 57, 15, 4, 8, 17, 57, 15, 4, 8, 17, 57, 15, 4, 8, 17, 57, 15, 4, 8, 17, 57, 15, 4, 8, 17, 57, 15, 4, 8, 17, 57, 15, 4, 8, 17, 57, 15, 4, 8, 17, 57, 15, 4, 8, 17, 57, 15, 4, 8, 17, 57, 15, 4, 8, 17, 57, 15, 4, 8, 17, 57, 15, 4, 8, 17, 57, 15, 4, 8, 17, 57, 15, 4, 8, 17, 57, 15, 4, 8, 17, 57, 15, 4, 8, 17, 57, 15, 4, 8, 17, 57, 15, 4, 8, 17, 57, 15, 4, 8, 17, 57, 15, 4, 8, 17, 57, 15, 4, 8, 17, 57, 
95984, 15, 4, 8, 17, 57, 15, 4, 8, 17, 57, 15, 4, 8, 17, 57, 15, 4, 8, 17, 57, 15, 4, 8, 17, 57, 15, 4, 8, 17, 57, 15, 4, 8, 17, 57, 15, 4, 8, 17, 57, 15, 4, 8, 17, 57, 15, 4, 8, 17, 57, 15, 4, 8, 17, 57, 15, 4, 8, 17, 57, 15, 4, 8, 17, 57, 15, 4, 8, 17, 57, 15, 4, 8, 17, 57, 15, 4, 8, 17, 57, 15, 4, 8, 17, 57, 15, 4, 8, 17, 57, 15, 4, 8, 17, 57, 15, 4, 8, 17, 57, 15, 4, 8, 17, 57, 15, 4, 8, 17, 57, 15, 4, 8, 17, 57, 15, 4, 8, 17, 57, 15, 4, 8, 17, 57, 15, 4, 8, 17, 57, 15, 4, 8, 17, 57, 15, 4, 8, 17, 57, 15, 4, 8, 17, 57, 15, 4, 8, 17, 57, 15, 4, 8, 17, 57, 15, 4, 8, 17, 57, 15, 4, 8, 17, 57, 15, 4, 8, 17, 57, 15, 4, 8, 17, 57, 15, 4, 8, 17, 57, 
97234, 15, 4, 8, 17, 57, 15, 4, 8, 17, 57, 15, 4, 8, 17, 57, 15, 4, 8, 17, 57, 15, 4, 8, 17, 57, 15, 4, 8, 17, 57, 15, 4, 8, 17, 57, 15, 4, 8, 17, 57, 15, 4, 8, 17, 57, 15, 4, 8, 17, 57, 15, 4, 8, 17, 57, 15, 4, 8, 17, 57, 15, 4, 8, 17, 57, 15, 4, 8, 17, 57, 15, 4, 8, 17, 57, 15, 4, 8, 17, 57, 15, 4, 8, 17, 57, 15, 4, 8, 17, 57, 15, 4, 8, 17, 57, 15, 4, 8, 17, 57, 15, 4, 8, 17, 57, 15, 4, 8, 17, 57, 15, 4, 8, 17, 57, 15, 4, 8, 17, 57, 15, 4, 8, 17, 57, 15, 4, 8, 17, 57, 15, 4, 8, 17, 57, 15, 4, 8, 17, 57, 15, 4, 8, 17, 57, 15, 4, 8, 17, 57, 15, 4, 8, 17, 57, 15, 4, 8, 17, 57, 15, 4, 8, 17, 57, 15, 4, 8, 17, 57, 15, 4, 8, 17, 57, 15, 4, 8, 17, 57, 
98483, 15, 4, 8, 17, 57, 15, 4, 8, 17, 57, 15, 4, 8, 17, 57, 15, 4, 8, 17, 57, 15, 4, 8, 17, 57, 15, 4, 8, 17, 57, 15, 4, 8, 17, 57, 15, 4, 8, 17, 57, 15, 4, 8, 17, 57, 15, 4, 8, 17, 57, 15, 4, 8, 17, 57, 15, 4, 8, 17, 57, 15, 4, 8, 17, 57, 15, 4, 8, 17, 57, 15, 4, 8, 17, 57, 15, 4, 8, 17, 57, 15, 4, 8, 17, 57, 15, 4, 8, 17, 57, 15, 4, 8, 17, 57, 15, 4, 8, 17, 57, 15, 4, 8, 17, 57, 15, 4, 8, 17, 57, 15, 4, 8, 17, 57, 15, 4, 8, 17, 57, 15, 4, 8, 17, 57, 15, 4, 8, 17, 57, 15, 4, 8, 17, 57, 15, 4, 8, 17, 57, 15, 4, 8, 17, 57, 15, 4, 8, 17, 57, 15, 4, 8, 17, 57, 15, 4, 8, 17, 57, 15, 4, 8, 17, 57, 15, 4, 8, 17, 57, 15, 4, 8, 17, 57, 15, 4, 8, 17, 57, 
99733, 16, 4, 8, 17, 57, 16, 4, 8, 17, 57, 16, 4, 8, 17, 57, 16, 4, 8, 17, 57, 16, 4, 8, 17, 57, 16, 4, 8, 17, 57, 16, 4, 8, 17, 57, 16, 4, 8, 17, 57, 16, 4, 8, 17, 57, 16, 4, 8, 17, 57, 16, 4, 8, 17, 57, 16, 4, 8, 17, 57, 16, 4, 8, 17, 57, 16, 4, 8, 17, 57, 16, 4, 8, 17, 57, 16, 4, 8, 17, 57, 16, 4, 8, 17, 57, 16, 4, 8, 17, 57, 16, 4, 8, 17, 57, 16, 4, 8, 17, 57, 16, 4, 8, 17, 57, 16, 4, 8, 17, 57, 16, 4, 8, 17, 57, 16, 4, 8, 17, 57, 16, 4, 8, 17, 57, 16, 4, 8, 17, 57, 16, 4, 8, 17, 57, 16, 4, 8, 17, 57, 16, 4, 8, 17, 57, 16, 4, 8, 17, 57, 16, 4, 8, 17, 57, 16, 4, 8, 17, 57, 16, 4, 8, 17, 57, 16, 4, 8, 17, 57, 16, 4, 8, 17, 57, 16, 4, 8, 17, 57, 
100983, 12, 4, 8, 17, 59, 12, 4, 8, 17, 59, 12, 4, 8, 17, 59, 12, 4, 8, 17, 59, 12, 4, 8, 17, 59, 12, 4, 8, 17, 59, 12, 4, 8, 17, 59, 12, 4, 8, 17, 59, 12, 4, 8, 17, 59, 12, 4, 8, 17, 59, 12, 4, 8, 17, 59, 12, 4, 8, 17, 59, 12, 4, 8, 17, 59, 12, 4, 8, 17, 59, 12, 4, 8, 17, 59, 12, 4, 8, 17, 59, 12, 4, 8, 17, 59, 12, 4, 8, 17, 59, 12, 4, 8, 17, 59, 12, 4, 8, 17, 59, 12, 4, 8, 17, 59, 12, 4, 8, 17, 59, 12, 4, 8, 17, 59, 12, 4, 8, 17, 59, 12, 4, 8, 17, 59, 12, 4, 8, 17, 59, 12, 4, 8, 17, 59, 12, 4, 8, 17, 59, 12, 4, 8, 17, 59, 12, 4, 8, 17, 59, 12, 4, 8, 17, 59, 12, 4, 8, 17, 59, 12, 4, 8, 17, 59, 12, 4, 8, 17, 59, 12, 4, 8, 17, 59, 12, 4, 8, 17, 59, 
102233, 15, 4, 8, 17, 57, 15, 4, 8, 17, 57, 15, 4, 8, 17, 57, 15, 4, 8, 17, 57, 15, 4, 8, 17, 57, 15, 4, 8, 17, 57, 15, 4, 8, 17, 57, 15, 4, 8, 17, 57, 15, 4, 8, 17, 57, 15, 4, 8, 17, 57, 15, 4, 8, 17, 57, 15, 4, 8, 17, 57, 15, 4, 8, 17, 57, 15, 4, 8, 17, 57, 15, 4, 8, 17, 57, 15, 4, 8, 17, 57, 15, 4, 8, 17, 57, 15, 4, 8, 17, 57, 15, 4, 8, 17, 57, 15, 4, 8, 17, 57, 15, 4, 8, 17, 57, 15, 4, 8, 17, 57, 15, 4, 8, 17, 57, 15, 4, 8, 17, 57, 15, 4, 8, 17, 57, 15, 4, 8, 17, 57, 15, 4, 8, 17, 57, 15, 4, 8, 17, 57, 15, 4, 8, 17, 57, 15, 4, 8, 17, 57, 15, 4, 8, 17, 57, 15, 4, 8, 17, 57, 15, 4, 8, 17, 57, 15, 4, 8, 17, 57, 15, 4, 8, 17, 57, 15, 4, 8, 17, 57, 
103483, 15, 4, 8, 17, 57, 15, 4, 8, 17, 57, 15, 4, 8, 17, 57, 15, 4, 8, 17, 57, 15, 4, 8, 17, 57, 15, 4, 8, 17, 57, 15, 4, 8, 17, 57, 15, 4, 8, 17, 57, 15, 4, 8, 17, 57, 15, 4, 8, 17, 57, 15, 4, 8, 17, 57, 15, 4, 8, 17, 57, 15, 4, 8, 17, 57, 15, 4, 8, 17, 57, 15, 4, 8, 17, 57, 15, 4, 8, 17, 57, 15, 4, 8, 17, 57, 15, 4, 8, 17, 57, 15, 4, 8, 17, 57, 15, 4, 8, 17, 57, 15, 4, 8, 17, 57, 15, 4, 8, 17, 57, 15, 4, 8, 17, 57, 15, 4, 8, 17, 57, 15, 4, 8, 17, 57, 15, 4, 8, 17, 57, 15, 4, 8, 17, 57, 15, 4, 8, 17, 57, 15, 4, 8, 17, 57, 15, 4, 8, 17, 57, 15, 4, 8, 17, 57, 15, 4, 8, 17, 57, 15, 4, 8, 17, 57, 15, 4, 8, 17, 57, 15, 4, 8, 17, 57, 15, 4, 8, 17, 57, 
104733, 15, 4, 8, 17, 57, 15, 4, 8, 17, 57, 15, 4, 8, 17, 57, 15, 4, 8, 17, 57, 15, 4, 8, 17, 57, 15, 4, 8, 17, 57, 15, 4, 8, 17, 57, 15, 4, 8, 17, 57, 15, 4, 8, 17, 57, 15, 4, 8, 17, 57, 15, 4, 8, 17, 57, 15, 4, 8, 17, 57, 15, 4, 8, 17, 57, 15, 4, 8, 17, 57, 15, 4, 8, 17, 57, 15, 4, 8, 17, 57, 15, 4, 8, 17, 57, 15, 4, 8, 17, 57, 15, 4, 8, 17, 57, 15, 4, 8, 17, 57, 15, 4, 8, 17, 57, 15, 4, 8, 17, 57, 15, 4, 8, 17, 57, 15, 4, 8, 17, 57, 15, 4, 8, 17, 57, 15, 4, 8, 17, 57, 15, 4, 8, 17, 57, 15, 4, 8, 17, 57, 15, 4, 8, 17, 57, 15, 4, 8, 17, 57, 15, 4, 8, 17, 57, 15, 4, 8, 17, 57, 15, 4, 8, 17, 57, 15, 4, 8, 17, 57, 15, 4, 8, 17, 57, 15, 4, 8, 17, 57, 
105983, 15, 4, 8, 17, 57, 15, 4, 8, 17, 57, 15, 4, 8, 17, 57, 15, 4, 8, 17, 57, 15, 4, 8, 17, 57, 15, 4, 8, 17, 57, 15, 4, 8, 17, 57, 15, 4, 8, 17, 57, 15, 4, 8, 17, 57, 15, 4, 8, 17, 57, 15, 4, 8, 17, 57, 15, 4, 8, 17, 57, 15, 4, 8, 17, 57, 15, 4, 8, 17, 57, 15, 4, 8, 17, 57, 15, 4, 8, 17, 57, 15, 4, 8, 17, 57, 15, 4, 8, 17, 57, 15, 4, 8, 17, 57, 15, 4, 8, 17, 57, 15, 4, 8, 17, 57, 15, 4, 8, 17, 57, 15, 4, 8, 17, 57, 15, 4, 8, 17, 57, 15, 4, 8, 17, 57, 15, 4, 8, 17, 57, 15, 4, 8, 17, 57, 15, 4, 8, 17, 57, 15, 4, 8, 17, 57, 15, 4, 8, 17, 57, 15, 4, 8, 17, 57, 15, 4, 8, 17, 57, 15, 4, 8, 17, 57, 15, 4, 8, 17, 57, 15, 4, 8, 17, 57, 15, 4, 8, 17, 57, 
107233, 15, 4, 8, 17, 57, 15, 4, 8, 17, 57, 15, 4, 8, 17, 57, 15, 4, 8, 17, 57, 15, 4, 8, 17, 57, 15, 4, 8, 17, 57, 15, 4, 8, 17, 57, 15, 4, 8, 17, 57, 15, 4, 8, 17, 57, 15, 4, 8, 17, 57, 15, 4, 8, 17, 57, 15, 4, 8, 17, 57, 15, 4, 8, 17, 57, 15, 4, 8, 17, 57, 15, 4, 8, 17, 57, 15, 4, 8, 17, 57, 15, 4, 8, 17, 57, 15, 4, 8, 17, 57, 15, 4, 8, 17, 57, 15, 4, 8, 17, 57, 15, 4, 8, 17, 57, 15, 4, 8, 17, 57, 15, 4, 8, 17, 57, 15, 4, 8, 17, 57, 15, 4, 8, 17, 57, 15, 4, 8, 17, 57, 15, 4, 8, 17, 57, 15, 4, 8, 17, 57, 15, 4, 8, 17, 57, 15, 4, 8, 17, 57, 15, 4, 8, 17, 57, 15, 4, 8, 17, 57, 15, 4, 8, 17, 57, 15, 4, 8, 17, 57, 15, 4, 8, 17, 57, 15, 4, 8, 17, 57, 
108483, 15, 4, 8, 17, 57, 15, 4, 8, 17, 57, 15, 4, 8, 17, 57, 15, 4, 8, 17, 57, 15, 4, 8, 17, 57, 15, 4, 8, 17, 57, 15, 4, 8, 17, 57, 15, 4, 8, 17, 57, 15, 4, 8, 17, 57, 15, 4, 8, 17, 57, 15, 4, 8, 17, 57, 15, 4, 8, 17, 57, 15, 4, 8, 17, 57, 15, 4, 8, 17, 57, 15, 4, 8, 17, 57, 15, 4, 8, 17, 57, 15, 4, 8, 17, 57, 15, 4, 8, 17, 57, 15, 4, 8, 17, 57, 15, 4, 8, 17, 57, 15, 4, 8, 17, 57, 15, 4, 8, 17, 57, 15, 4, 8, 17, 57, 15, 4, 8, 17, 57, 15, 4, 8, 17, 57, 15, 4, 8, 17, 57, 15, 4, 8, 17, 57, 15, 4, 8, 17, 57, 15, 4, 8, 17, 57, 15, 4, 8, 17, 57, 15, 4, 8, 17, 57, 15, 4, 8, 17, 57, 15, 4, 8, 17, 57, 15, 4, 8, 17, 57, 15, 4, 8, 17, 57, 15, 4, 8, 17, 57, 
109733, 15, 4, 8, 17, 57, 15, 4, 8, 17, 57, 15, 4, 8, 17, 57, 15, 4, 8, 17, 57, 15, 4, 8, 17, 57, 15, 4, 8, 17, 57, 15, 4, 8, 17, 57, 15, 4, 8, 17, 57, 15, 4, 8, 17, 57, 15, 4, 8, 17, 57, 15, 4, 8, 17, 57, 15, 4, 8, 17, 57, 15, 4, 8, 17, 57, 15, 4, 8, 17, 57, 15, 4, 8, 17, 57, 15, 4, 8, 17, 57, 15, 4, 8, 17, 57, 15, 4, 8, 17, 57, 15, 4, 8, 17, 57, 15, 4, 8, 17, 57, 15, 4, 8, 17, 57, 15, 4, 8, 17, 57, 15, 4, 8, 17, 57, 15, 4, 8, 17, 57, 15, 4, 8, 17, 57, 15, 4, 8, 17, 57, 15, 4, 8, 17, 57, 15, 4, 8, 17, 57, 15, 4, 8, 17, 57, 15, 4, 8, 17, 57, 15, 4, 8, 17, 57, 15, 4, 8, 17, 57, 15, 4, 8, 17, 57, 15, 4, 8, 17, 57, 15, 4, 8, 17, 57, 15, 4, 8, 17, 57, 
110983, 15, 4, 8, 17, 57, 15, 4, 8, 17, 57, 15, 4, 8, 17, 57, 15, 4, 8, 17, 57, 15, 4, 8, 17, 57, 15, 4, 8, 17, 57, 15, 4, 8, 17, 57, 15, 4, 8, 17, 57, 15, 4, 8, 17, 57, 15, 4, 8, 17, 57, 15, 4, 8, 17, 57, 15, 4, 8, 17, 57, 15, 4, 8, 17, 57, 15, 4, 8, 17, 57, 15, 4, 8, 17, 57, 15, 4, 8, 17, 57, 15, 4, 8, 17, 57, 15, 4, 8, 17, 57, 15, 4, 8, 17, 57, 15, 4, 8, 17, 57, 15, 4, 8, 17, 57, 15, 4, 8, 17, 57, 15, 4, 8, 17, 57, 15, 4, 8, 17, 57, 15, 4, 8, 17, 57, 15, 4, 8, 17, 57, 15, 4, 8, 17, 57, 15, 4, 8, 17, 57, 15, 4, 8, 17, 57, 15, 4, 8, 17, 57, 15, 4, 8, 17, 57, 15, 4, 8, 17, 57, 15, 4, 8, 17, 57, 15, 4, 8, 17, 57, 15, 4, 8, 17, 57, 15, 4, 8, 17, 57, 
112233, 15, 4, 8, 17, 57, 15, 4, 8, 17, 57, 15, 4, 8, 17, 57, 15, 4, 8, 17, 57, 15, 4, 8, 17, 57, 15, 4, 8, 17, 57, 15, 4, 8, 17, 57, 15, 4, 8, 17, 57, 15, 4, 8, 17, 57, 15, 4, 8, 17, 57, 15, 4, 8, 17, 57, 15, 4, 8, 17, 57, 15, 4, 8, 17, 57, 15, 4, 8, 17, 57, 15, 4, 8, 17, 57, 15, 4, 8, 17, 57, 15, 4, 8, 17, 57, 15, 4, 8, 17, 57, 15, 4, 8, 17, 57, 15, 4, 8, 17, 57, 15, 4, 8, 17, 57, 15, 4, 8, 17, 57, 15, 4, 8, 17, 57, 15, 4, 8, 17, 57, 15, 4, 8, 17, 57, 15, 4, 8, 17, 57, 15, 4, 8, 17, 57, 15, 4, 8, 17, 57, 15, 4, 8, 17, 57, 15, 4, 8, 17, 57, 15, 4, 8, 17, 57, 15, 4, 8, 17, 57, 15, 4, 8, 17, 57, 15, 4, 8, 17, 57, 15, 4, 8, 17, 57, 15, 4, 8, 17, 57, 
113483, 15, 4, 8, 17, 57, 15, 4, 8, 17, 57, 15, 4, 8, 17, 57, 15, 4, 8, 17, 57, 15, 4, 8, 17, 57, 15, 4, 8, 17, 57, 15, 4, 8, 17, 57, 15, 4, 8, 17, 57, 15, 4, 8, 17, 57, 15, 4, 8, 17, 57, 15, 4, 8, 17, 57, 15, 4, 8, 17, 57, 15, 4, 8, 17, 57, 15, 4, 8, 17, 57, 15, 4, 8, 17, 57, 15, 4, 8, 17, 57, 15, 4, 8, 17, 57, 15, 4, 8, 17, 57, 15, 4, 8, 17, 57, 15, 4, 8, 17, 57, 15, 4, 8, 17, 57, 15, 4, 8, 17, 57, 15, 4, 8, 17, 57, 15, 4, 8, 17, 57, 15, 4, 8, 17, 57, 15, 4, 8, 17, 57, 15, 4, 8, 17, 57, 15, 4, 8, 17, 57, 15, 4, 8, 17, 57, 15, 4, 8, 17, 57, 15, 4, 8, 17, 57, 15, 4, 8, 17, 57, 15, 4, 8, 17, 57, 15, 4, 8, 17, 57, 15, 4, 8, 17, 57, 15, 4, 8, 17, 57, 
114733, 15, 4, 8, 17, 57, 15, 4, 8, 17, 57, 15, 4, 8, 17, 57, 15, 4, 8, 17, 57, 15, 4, 8, 17, 57, 15, 4, 8, 17, 57, 15, 4, 8, 17, 57, 15, 4, 8, 17, 57, 15, 4, 8, 17, 57, 15, 4, 8, 17, 57, 15, 4, 8, 17, 57, 15, 4, 8, 17, 57, 15, 4, 8, 17, 57, 15, 4, 8, 17, 57, 15, 4, 8, 17, 57, 15, 4, 8, 17, 57, 15, 4, 8, 17, 57, 15, 4, 8, 17, 57, 15, 4, 8, 17, 57, 15, 4, 8, 17, 57, 15, 4, 8, 17, 57, 15, 4, 8, 17, 57, 15, 4, 8, 17, 57, 15, 4, 8, 17, 57, 15, 4, 8, 17, 57, 15, 4, 8, 17, 57, 15, 4, 8, 17, 57, 15, 4, 8, 17, 57, 15, 4, 8, 17, 57, 15, 4, 8, 17, 57, 15, 4, 8, 17, 57, 15, 4, 8, 17, 57, 15, 4, 8, 17, 57, 15, 4, 8, 17, 57, 15, 4, 8, 17, 57, 15, 4, 8, 17, 57, 
115983, 15, 4, 8, 17, 57, 15, 4, 8, 17, 57, 15, 4, 8, 17, 57, 15, 4, 8, 17, 57, 15, 4, 8, 17, 57, 15, 4, 8, 17, 57, 15, 4, 8, 17, 57, 15, 4, 8, 17, 57, 15, 4, 8, 17, 57, 15, 4, 8, 17, 57, 15, 4, 8, 17, 57, 15, 4, 8, 17, 57, 15, 4, 8, 17, 57, 15, 4, 8, 17, 57, 15, 4, 8, 17, 57, 15, 4, 8, 17, 57, 15, 4, 8, 17, 57, 15, 4, 8, 17, 57, 15, 4, 8, 17, 57, 15, 4, 8, 17, 57, 15, 4, 8, 17, 57, 15, 4, 8, 17, 57, 15, 4, 8, 17, 57, 15, 4, 8, 17, 57, 15, 4, 8, 17, 57, 15, 4, 8, 17, 57, 15, 4, 8, 17, 57, 15, 4, 8, 17, 57, 15, 4, 8, 17, 57, 15, 4, 8, 17, 57, 15, 4, 8, 17, 57, 15, 4, 8, 17, 57, 15, 4, 8, 17, 57, 15, 4, 8, 17, 57, 15, 4, 8, 17, 57, 15, 4, 8, 17, 57, 
117233, 15, 4, 8, 17, 57, 15, 4, 8, 17, 57, 15, 4, 8, 17, 57, 15, 4, 8, 17, 57, 15, 4, 8, 17, 57, 15, 4, 8, 17, 57, 15, 4, 8, 17, 57, 15, 4, 8, 17, 57, 15, 4, 8, 17, 57, 15, 4, 8, 17, 57, 15, 4, 8, 17, 57, 15, 4, 8, 17, 57, 15, 4, 8, 17, 57, 15, 4, 8, 17, 57, 15, 4, 8, 17, 57, 15, 4, 8, 17, 57, 15, 4, 8, 17, 57, 15, 4, 8, 17, 57, 15, 4, 8, 17, 57, 15, 4, 8, 17, 57, 15, 4, 8, 17, 57, 15, 4, 8, 17, 57, 15, 4, 8, 17, 57, 15, 4, 8, 17, 57, 15, 4, 8, 17, 57, 15, 4, 8, 17, 57, 15, 4, 8, 17, 57, 15, 4, 8, 17, 57, 15, 4, 8, 17, 57, 15, 4, 8, 17, 57, 15, 4, 8, 17, 57, 15, 4, 8, 17, 57, 15, 4, 8, 17, 57, 15, 4, 8, 17, 57, 15, 4, 8, 17, 57, 15, 4, 8, 17, 57, 
118482, 15, 4, 8, 17, 57, 15, 4, 8, 17, 57, 15, 4, 8, 17, 57, 15, 4, 8, 17, 57, 15, 4, 8, 17, 57, 15, 4, 8, 17, 57, 15, 4, 8, 17, 57, 15, 4, 8, 17, 57, 15, 4, 8, 17, 57, 15, 4, 8, 17, 57, 15, 4, 8, 17, 57, 15, 4, 8, 17, 57, 15, 4, 8, 17, 57, 15, 4, 8, 17, 57, 15, 4, 8, 17, 57, 15, 4, 8, 17, 57, 15, 4, 8, 17, 57, 15, 4, 8, 17, 57, 15, 4, 8, 17, 57, 15, 4, 8, 17, 57, 15, 4, 8, 17, 57, 15, 4, 8, 17, 57, 15, 4, 8, 17, 57, 15, 4, 8, 17, 57, 15, 4, 8, 17, 57, 15, 4, 8, 17, 57, 15, 4, 8, 17, 57, 15, 4, 8, 17, 57, 15, 4, 8, 17, 57, 15, 4, 8, 17, 57, 15, 4, 8, 17, 57, 15, 4, 8, 17, 57, 15, 4, 8, 17, 57, 15, 4, 8, 17, 57, 15, 4, 8, 17, 57, 15, 4, 8, 17, 57, 
119733, 15, 4, 8, 17, 57, 15, 4, 8, 17, 57, 15, 4, 8, 17, 57, 15, 4, 8, 17, 57, 15, 4, 8, 17, 57, 15, 4, 8, 17, 57, 15, 4, 8, 17, 57, 15, 4, 8, 17, 57, 15, 4, 8, 17, 57, 15, 4, 8, 17, 57, 15, 4, 8, 17, 57, 15, 4, 8, 17, 57, 15, 4, 8, 17, 57, 15, 4, 8, 17, 57, 15, 4, 8, 17, 57, 15, 4, 8, 17, 57, 15, 4, 8, 17, 57, 15, 4, 8, 17, 57, 15, 4, 8, 17, 57, 15, 4, 8, 17, 57, 15, 4, 8, 17, 57, 15, 4, 8, 17, 57, 15, 4, 8, 17, 57, 15, 4, 8, 17, 57, 15, 4, 8, 17, 57, 15, 4, 8, 17, 57, 15, 4, 8, 17, 57, 15, 4, 8, 17, 57, 15, 4, 8, 17, 57, 15, 4, 8, 17, 57, 15, 4, 8, 17, 57, 15, 4, 8, 17, 57, 15, 4, 8, 17, 57, 15, 4, 8, 17, 57, 15, 4, 8, 17, 57, 15, 4, 8, 17, 57, 
120981, 15, 4, 8, 17, 57, 15, 4, 8, 17, 57, 15, 4, 8, 17, 57, 15, 4, 8, 17, 57, 15, 4, 8, 17, 57, 15, 4, 8, 17, 57, 15, 4, 8, 17, 57, 15, 4, 8, 17, 57, 15, 4, 8, 17, 57, 15, 4, 8, 17, 57, 15, 4, 8, 17, 57, 15, 4, 8, 17, 57, 15, 4, 8, 17, 57, 15, 4, 8, 17, 57, 15, 4, 8, 17, 57, 15, 4, 8, 17, 57, 15, 4, 8, 17, 57, 15, 4, 8, 17, 57, 15, 4, 8, 17, 57, 15, 4, 8, 17, 57, 15, 4, 8, 17, 57, 15, 4, 8, 17, 57, 15, 4, 8, 17, 57, 15, 4, 8, 17, 57, 15, 4, 8, 17, 57, 15, 4, 8, 17, 57, 15, 4, 8, 17, 57, 15, 4, 8, 17, 57, 15, 4, 8, 17, 57, 15, 4, 8, 17, 57, 15, 4, 8, 17, 57, 15, 4, 8, 17, 57, 15, 4, 8, 17, 57, 15, 4, 8, 17, 57, 15, 4, 8, 17, 57, 15, 4, 8, 17, 57, 
122231, 15, 4, 8, 17, 57, 15, 4, 8, 17, 57, 15, 4, 8, 17, 57, 15, 4, 8, 17, 57, 15, 4, 8, 17, 57, 15, 4, 8, 17, 57, 15, 4, 8, 17, 57, 15, 4, 8, 17, 57, 15, 4, 8, 17, 57, 15, 4, 8, 17, 57, 15, 4, 8, 17, 57, 15, 4, 8, 17, 57, 15, 4, 8, 17, 57, 15, 4, 8, 17, 57, 15, 4, 8, 17, 57, 15, 4, 8, 17, 57, 15, 4, 8, 17, 57, 15, 4, 8, 17, 57, 15, 4, 8, 17, 57, 15, 4, 8, 17, 57, 15, 4, 8, 17, 57, 15, 4, 8, 17, 57, 15, 4, 8, 17, 57, 15, 4, 8, 17, 57, 15, 4, 8, 17, 57, 15, 4, 8, 17, 57, 15, 4, 8, 17, 57, 15, 4, 8, 17, 57, 15, 4, 8, 17, 57, 15, 4, 8, 17, 57, 15, 4, 8, 17, 57, 15, 4, 8, 17, 57, 15, 4, 8, 17, 57, 15, 4, 8, 17, 57, 15, 4, 8, 17, 57, 15, 4, 8, 17, 57, 
123481, 15, 4, 8, 17, 57, 15, 4, 8, 17, 57, 15, 4, 8, 17, 57, 15, 4, 8, 17, 57, 15, 4, 8, 17, 57, 15, 4, 8, 17, 57, 15, 4, 8, 17, 57, 15, 4, 8, 17, 57, 15, 4, 8, 17, 57, 15, 4, 8, 17, 57, 15, 4, 8, 17, 57, 15, 4, 8, 17, 57, 15, 4, 8, 17, 57, 15, 4, 8, 17, 57, 15, 4, 8, 17, 57, 15, 4, 8, 17, 57, 15, 4, 8, 17, 57, 15, 4, 8, 17, 57, 15, 4, 8, 17, 57, 15, 4, 8, 17, 57, 15, 4, 8, 17, 57, 15, 4, 8, 17, 57, 15, 4, 8, 17, 57, 15, 4, 8, 17, 57, 15, 4, 8, 17, 57, 15, 4, 8, 17, 57, 15, 4, 8, 17, 57, 15, 4, 8, 17, 57, 15, 4, 8, 17, 57, 15, 4, 8, 17, 57, 15, 4, 8, 17, 57, 15, 4, 8, 17, 57, 15, 4, 8, 17, 57, 15, 4, 8, 17, 57, 15, 4, 8, 17, 57, 15, 4, 8, 17, 57, 
124731, 15, 4, 8, 17, 57, 15, 4, 8, 17, 57, 15, 4, 8, 17, 57, 15, 4, 8, 17, 57, 15, 4, 8, 17, 57, 15, 4, 8, 17, 57, 15, 4, 8, 17, 57, 15, 4, 8, 17, 57, 15, 4, 8, 17, 57, 15, 4, 8, 17, 57, 15, 4, 8, 17, 57, 15, 4, 8, 17, 57, 15, 4, 8, 17, 57, 15, 4, 8, 17, 57, 15, 4, 8, 17, 57, 15, 4, 8, 17, 57, 15, 4, 8, 17, 57, 15, 4, 8, 17, 57, 15, 4, 8, 17, 57, 15, 4, 8, 17, 57, 15, 4, 8, 17, 57, 15, 4, 8, 17, 57, 15, 4, 8, 17, 57, 15, 4, 8, 17, 57, 15, 4, 8, 17, 57, 15, 4, 8, 17, 57, 15, 4, 8, 17, 57, 15, 4, 8, 17, 57, 15, 4, 8, 17, 57, 15, 4, 8, 17, 57, 15, 4, 8, 17, 57, 15, 4, 8, 17, 57, 15, 4, 8, 17, 57, 15, 4, 8, 17, 57, 15, 4, 8, 17, 57, 15, 4, 8, 17, 57, 
125980, 16, 4, 8, 16, 56, 16, 4, 8, 16, 56, 16, 4, 8, 16, 56, 16, 4, 8, 16, 56, 16, 4, 8, 16, 56, 16, 4, 8, 16, 56, 16, 4, 8, 16, 56, 16, 4, 8, 16, 56, 16, 4, 8, 16, 56, 16, 4, 8, 16, 56, 16, 4, 8, 16, 56, 16, 4, 8, 16, 56, 16, 4, 8, 16, 56, 16, 4, 8, 16, 56, 16, 4, 8, 16, 56, 16, 4, 8, 16, 56, 16, 4, 8, 16, 56, 16, 4, 8, 16, 56, 16, 4, 8, 16, 56, 16, 4, 8, 16, 56, 16, 4, 8, 16, 56, 16, 4, 8, 16, 56, 16, 4, 8, 16, 56, 16, 4, 8, 16, 56, 16, 4, 8, 16, 56, 16, 4, 8, 16, 56, 16, 4, 8, 16, 56, 16, 4, 8, 16, 56, 16, 4, 8, 16, 56, 16, 4, 8, 16, 56, 16, 4, 8, 16, 56, 16, 4, 8, 16, 56, 16, 4, 8, 16, 56, 16, 4, 8, 16, 56, 16, 4, 8, 16, 56, 16, 4, 8, 16, 56, 
127231, 15, 4, 8, 17, 57, 15, 4, 8, 17, 57, 15, 4, 8, 17, 57, 15, 4, 8, 17, 57, 15, 4, 8, 17, 57, 15, 4, 8, 17, 57, 15, 4, 8, 17, 57, 15, 4, 8, 17, 57, 15, 4, 8, 17, 57, 15, 4, 8, 17, 57, 15, 4, 8, 17, 57, 15, 4, 8, 17, 57, 15, 4, 8, 17, 57, 15, 4, 8, 17, 57, 15, 4, 8, 17, 57, 15, 4, 8, 17, 57, 15, 4, 8, 17, 57, 15, 4, 8, 17, 57, 15, 4, 8, 17, 57, 15, 4, 8, 17, 57, 15, 4, 8, 17, 57, 15, 4, 8, 17, 57, 15, 4, 8, 17, 57, 15, 4, 8, 17, 57, 15, 4, 8, 17, 57, 15, 4, 8, 17, 57, 15, 4, 8, 17, 57, 15, 4, 8, 17, 57, 15, 4, 8, 17, 57, 15, 4, 8, 17, 57, 15, 4, 8, 17, 57, 15, 4, 8, 17, 57, 15, 4, 8, 17, 57, 15, 4, 8, 17, 57, 15, 4, 8, 17, 57, 15, 4, 8, 17, 57, 
128481, 15, 4, 8, 17, 57, 15, 4, 8, 17, 57, 15, 4, 8, 17, 57, 15, 4, 8, 17, 57, 15, 4, 8, 17, 57, 15, 4, 8, 17, 57, 15, 4, 8, 17, 57, 15, 4, 8, 17, 57, 15, 4, 8, 17, 57, 15, 4, 8, 17, 57, 15, 4, 8, 17, 57, 15, 4, 8, 17, 57, 15, 4, 8, 17, 57, 15, 4, 8, 17, 57, 15, 4, 8, 17, 57, 15, 4, 8, 17, 57, 15, 4, 8, 17, 57, 15, 4, 8, 17, 57, 15, 4, 8, 17, 57, 15, 4, 8, 17, 57, 15, 4, 8, 17, 57, 15, 4, 8, 17, 57, 15, 4, 8, 17, 57, 15, 4, 8, 17, 57, 15, 4, 8, 17, 57, 15, 4, 8, 17, 57, 15, 4, 8, 17, 57, 15, 4, 8, 17, 57, 15, 4, 8, 17, 57, 15, 4, 8, 17, 57, 15, 4, 8, 17, 57, 15, 4, 8, 17, 57, 15, 4, 8, 17, 57, 15, 4, 8, 17, 57, 15, 4, 8, 17, 57, 15, 4, 8, 17, 57, 
129731, 16, 4, 8, 17, 57, 16, 4, 8, 17, 57, 16, 4, 8, 17, 57, 16, 4, 8, 17, 57, 16, 4, 8, 17, 57, 16, 4, 8, 17, 57, 16, 4, 8, 17, 57, 16, 4, 8, 17, 57, 16, 4, 8, 17, 57, 16, 4, 8, 17, 57, 16, 4, 8, 17, 57, 16, 4, 8, 17, 57, 16, 4, 8, 17, 57, 16, 4, 8, 17, 57, 16, 4, 8, 17, 57, 16, 4, 8, 17, 57, 16, 4, 8, 17, 57, 16, 4, 8, 17, 57, 16, 4, 8, 17, 57, 16, 4, 8, 17, 57, 16, 4, 8, 17, 57, 16, 4, 8, 17, 57, 16, 4, 8, 17, 57, 16, 4, 8, 17, 57, 16, 4, 8, 17, 57, 16, 4, 8, 17, 57, 16, 4, 8, 17, 57, 16, 4, 8, 17, 57, 16, 4, 8, 17, 57, 16, 4, 8, 17, 57, 16, 4, 8, 17, 57, 16, 4, 8, 17, 57, 16, 4, 8, 17, 57, 16, 4, 8, 17, 57, 16, 4, 8, 17, 57, 16, 4, 8, 17, 57, 
130980, 15, 4, 8, 17, 57, 15, 4, 8, 17, 57, 15, 4, 8, 17, 57, 15, 4, 8, 17, 57, 15, 4, 8, 17, 57, 15, 4, 8, 17, 57, 15, 4, 8, 17, 57, 15, 4, 8, 17, 57, 15, 4, 8, 17, 57, 15, 4, 8, 17, 57, 15, 4, 8, 17, 57, 15, 4, 8, 17, 57, 15, 4, 8, 17, 57, 15, 4, 8, 17, 57, 15, 4, 8, 17, 57, 15, 4, 8, 17, 57, 15, 4, 8, 17, 57, 15, 4, 8, 17, 57, 15, 4, 8, 17, 57, 15, 4, 8, 17, 57, 15, 4, 8, 17, 57, 15, 4, 8, 17, 57, 15, 4, 8, 17, 57, 15, 4, 8, 17, 57, 15, 4, 8, 17, 57, 15, 4, 8, 17, 57, 15, 4, 8, 17, 57, 15, 4, 8, 17, 57, 15, 4, 8, 17, 57, 15, 4, 8, 17, 57, 15, 4, 8, 17, 57, 15, 4, 8, 17, 57, 15, 4, 8, 17, 57, 15, 4, 8, 17, 57, 15, 4, 8, 17, 57, 15, 4, 8, 17, 57, 
132231, 15, 4, 8, 17, 57, 15, 4, 8, 17, 57, 15, 4, 8, 17, 57, 15, 4, 8, 17, 57, 15, 4, 8, 17, 57, 15, 4, 8, 17, 57, 15, 4, 8, 17, 57, 15, 4, 8, 17, 57, 15, 4, 8, 17, 57, 15, 4, 8, 17, 57, 15, 4, 8, 17, 57, 15, 4, 8, 17, 57, 15, 4, 8, 17, 57, 15, 4, 8, 17, 57, 15, 4, 8, 17, 57, 15, 4, 8, 17, 57, 15, 4, 8, 17, 57, 15, 4, 8, 17, 57, 15, 4, 8, 17, 57, 15, 4, 8, 17, 57, 15, 4, 8, 17, 57, 15, 4, 8, 17, 57, 15, 4, 8, 17, 57, 15, 4, 8, 17, 57, 15, 4, 8, 17, 57, 15, 4, 8, 17, 57, 15, 4, 8, 17, 57, 15, 4, 8, 17, 57, 15, 4, 8, 17, 57, 15, 4, 8, 17, 57, 15, 4, 8, 17, 57, 15, 4, 8, 17, 57, 15, 4, 8, 17, 57, 15, 4, 8, 17, 57, 15, 4, 8, 17, 57, 15, 4, 8, 17, 57, 
133481, 15, 4, 8, 17, 57, 15, 4, 8, 17, 57, 15, 4, 8, 17, 57, 15, 4, 8, 17, 57, 15, 4, 8, 17, 57, 15, 4, 8, 17, 57, 15, 4, 8, 17, 57, 15, 4, 8, 17, 57, 15, 4, 8, 17, 57, 15, 4, 8, 17, 57, 15, 4, 8, 17, 57, 15, 4, 8, 17, 57, 15, 4, 8, 17, 57, 15, 4, 8, 17, 57, 15, 4, 8, 17, 57, 15, 4, 8, 17, 57, 15, 4, 8, 17, 57, 15, 4, 8, 17, 57, 15, 4, 8, 17, 57, 15, 4, 8, 17, 57, 15, 4, 8, 17, 57, 15, 4, 8, 17, 57, 15, 4, 8, 17, 57, 15, 4, 8, 17, 57, 15, 4, 8, 17, 57, 15, 4, 8, 17, 57, 15, 4, 8, 17, 57, 15, 4, 8, 17, 57, 15, 4, 8, 17, 57, 15, 4, 8, 17, 57, 15, 4, 8, 17, 57, 15, 4, 8, 17, 57, 15, 4, 8, 17, 57, 15, 4, 8, 17, 57, 15, 4, 8, 17, 57, 15, 4, 8, 17, 57, 
134731, 15, 4, 8, 17, 57, 15, 4, 8, 17, 57, 15, 4, 8, 17, 57, 15, 4, 8, 17, 57, 15, 4, 8, 17, 57, 15, 4, 8, 17, 57, 15, 4, 8, 17, 57, 15, 4, 8, 17, 57, 15, 4, 8, 17, 57, 15, 4, 8, 17, 57, 15, 4, 8, 17, 57, 15, 4, 8, 17, 57, 15, 4, 8, 17, 57, 15, 4, 8, 17, 57, 15, 4, 8, 17, 57, 15, 4, 8, 17, 57, 15, 4, 8, 17, 57, 15, 4, 8, 17, 57, 15, 4, 8, 17, 57, 15, 4, 8, 17, 57, 15, 4, 8, 17, 57, 15, 4, 8, 17, 57, 15, 4, 8, 17, 57, 15, 4, 8, 17, 57, 15, 4, 8, 17, 57, 15, 4, 8, 17, 57, 15, 4, 8, 17, 57, 15, 4, 8, 17, 57, 15, 4, 8, 17, 57, 15, 4, 8, 17, 57, 15, 4, 8, 17, 57, 15, 4, 8, 17, 57, 15, 4, 8, 17, 57, 15, 4, 8, 17, 57, 15, 4, 8, 17, 57, 15, 4, 8, 17, 57, 
135981, 15, 4, 8, 17, 57, 15, 4, 8, 17, 57, 15, 4, 8, 17, 57, 15, 4, 8, 17, 57, 15, 4, 8, 17, 57, 15, 4, 8, 17, 57, 15, 4, 8, 17, 57, 15, 4, 8, 17, 57, 15, 4, 8, 17, 57, 15, 4, 8, 17, 57, 15, 4, 8, 17, 57, 15, 4, 8, 17, 57, 15, 4, 8, 17, 57, 15, 4, 8, 17, 57, 15, 4, 8, 17, 57, 15, 4, 8, 17, 57, 15, 4, 8, 17, 57, 15, 4, 8, 17, 57, 15, 4, 8, 17, 57, 15, 4, 8, 17, 57, 15, 4, 8, 17, 57, 15, 4, 8, 17, 57, 15, 4, 8, 17, 57, 15, 4, 8, 17, 57, 15, 4, 8, 17, 57, 15, 4, 8, 17, 57, 15, 4, 8, 17, 57, 15, 4, 8, 17, 57, 15, 4, 8, 17, 57, 15, 4, 8, 17, 57, 15, 4, 8, 17, 57, 15, 4, 8, 17, 57, 15, 4, 8, 17, 57, 15, 4, 8, 17, 57, 15, 4, 8, 17, 57, 15, 4, 8, 17, 57, 
137231, 15, 4, 8, 17, 57, 15, 4, 8, 17, 57, 15, 4, 8, 17, 57, 15, 4, 8, 17, 57, 15, 4, 8, 17, 57, 15, 4, 8, 17, 57, 15, 4, 8, 17, 57, 15, 4, 8, 17, 57, 15, 4, 8, 17, 57, 15, 4, 8, 17, 57, 15, 4, 8, 17, 57, 15, 4, 8, 17, 57, 15, 4, 8, 17, 57, 15, 4, 8, 17, 57, 15, 4, 8, 17, 57, 15, 4, 8, 17, 57, 15, 4, 8, 17, 57, 15, 4, 8, 17, 57, 15, 4, 8, 17, 57, 15, 4, 8, 17, 57, 15, 4, 8, 17, 57, 15, 4, 8, 17, 57, 15, 4, 8, 17, 57, 15, 4, 8, 17, 57, 15, 4, 8, 17, 57, 15, 4, 8, 17, 57, 15, 4, 8, 17, 57, 15, 4, 8, 17, 57, 15, 4, 8, 17, 57, 15, 4, 8, 17, 57, 15, 4, 8, 17, 57, 15, 4, 8, 17, 57, 15, 4, 8, 17, 57, 15, 4, 8, 17, 57, 15, 4, 8, 17, 57, 15, 4, 8, 17, 57, 
138481, 15, 4, 8, 17, 57, 15, 4, 8, 17, 57, 15, 4, 8, 17, 57, 15, 4, 8, 17, 57, 15, 4, 8, 17, 57, 15, 4, 8, 17, 57, 15, 4, 8, 17, 57, 15, 4, 8, 17, 57, 15, 4, 8, 17, 57, 15, 4, 8, 17, 57, 15, 4, 8, 17, 57, 15, 4, 8, 17, 57, 15, 4, 8, 17, 57, 15, 4, 8, 17, 57, 15, 4, 8, 17, 57, 15, 4, 8, 17, 57, 15, 4, 8, 17, 57, 15, 4, 8, 17, 57, 15, 4, 8, 17, 57, 15, 4, 8, 17, 57, 15, 4, 8, 17, 57, 15, 4, 8, 17, 57, 15, 4, 8, 17, 57, 15, 4, 8, 17, 57, 15, 4, 8, 17, 57, 15, 4, 8, 17, 57, 15, 4, 8, 17, 57, 15, 4, 8, 17, 57, 15, 4, 8, 17, 57, 15, 4, 8, 17, 57, 15, 4, 8, 17, 57, 15, 4, 8, 17, 57, 15, 4, 8, 17, 57, 15, 4, 8, 17, 57, 15, 4, 8, 17, 57, 15, 4, 8, 17, 57, 
139730, 16, 4, 8, 17, 57, 16, 4, 8, 17, 57, 16, 4, 8, 17, 57, 16, 4, 8, 17, 57, 16, 4, 8, 17, 57, 16, 4, 8, 17, 57, 16, 4, 8, 17, 57, 16, 4, 8, 17, 57, 16, 4, 8, 17, 57, 16, 4, 8, 17, 57, 16, 4, 8, 17, 57, 16, 4, 8, 17, 57, 16, 4, 8, 17, 57, 16, 4, 8, 17, 57, 16, 4, 8, 17, 57, 16, 4, 8, 17, 57, 16, 4, 8, 17, 57, 16, 4, 8, 17, 57, 16, 4, 8, 17, 57, 16, 4, 8, 17, 57, 16, 4, 8, 17, 57, 16, 4, 8, 17, 57, 16, 4, 8, 17, 57, 16, 4, 8, 17, 57, 16, 4, 8, 17, 57, 16, 4, 8, 17, 57, 16, 4, 8, 17, 57, 16, 4, 8, 17, 57, 16, 4, 8, 17, 57, 16, 4, 8, 17, 57, 16, 4, 8, 17, 57, 16, 4, 8, 17, 57, 16, 4, 8, 17, 57, 16, 4, 8, 17, 57, 16, 4, 8, 17, 57, 16, 4, 8, 17, 57, 
140981, 15, 4, 8, 17, 57, 15, 4, 8, 17, 57, 15, 4, 8, 17, 57, 15, 4, 8, 17, 57, 15, 4, 8, 17, 57, 15, 4, 8, 17, 57, 15, 4, 8, 17, 57, 15, 4, 8, 17, 57, 15, 4, 8, 17, 57, 15, 4, 8, 17, 57, 15, 4, 8, 17, 57, 15, 4, 8, 17, 57, 15, 4, 8, 17, 57, 15, 4, 8, 17, 57, 15, 4, 8, 17, 57, 15, 4, 8, 17, 57, 15, 4, 8, 17, 57, 15, 4, 8, 17, 57, 15, 4, 8, 17, 57, 15, 4, 8, 17, 57, 15, 4, 8, 17, 57, 15, 4, 8, 17, 57, 15, 4, 8, 17, 57, 15, 4, 8, 17, 57, 15, 4, 8, 17, 57, 15, 4, 8, 17, 57, 15, 4, 8, 17, 57, 15, 4, 8, 17, 57, 15, 4, 8, 17, 57, 15, 4, 8, 17, 57, 15, 4, 8, 17, 57, 15, 4, 8, 17, 57, 15, 4, 8, 17, 57, 15, 4, 8, 17, 57, 15, 4, 8, 17, 57, 15, 4, 8, 17, 57, 
142231, 15, 4, 8, 17, 57, 15, 4, 8, 17, 57, 15, 4, 8, 17, 57, 15, 4, 8, 17, 57, 15, 4, 8, 17, 57, 15, 4, 8, 17, 57, 15, 4, 8, 17, 57, 15, 4, 8, 17, 57, 15, 4, 8, 17, 57, 15, 4, 8, 17, 57, 15, 4, 8, 17, 57, 15, 4, 8, 17, 57, 15, 4, 8, 17, 57, 15, 4, 8, 17, 57, 15, 4, 8, 17, 57, 15, 4, 8, 17, 57, 15, 4, 8, 17, 57, 15, 4, 8, 17, 57, 15, 4, 8, 17, 57, 15, 4, 8, 17, 57, 15, 4, 8, 17, 57, 15, 4, 8, 17, 57, 15, 4, 8, 17, 57, 15, 4, 8, 17, 57, 15, 4, 8, 17, 57, 15, 4, 8, 17, 57, 15, 4, 8, 17, 57, 15, 4, 8, 17, 57, 15, 4, 8, 17, 57, 15, 4, 8, 17, 57, 15, 4, 8, 17, 57, 15, 4, 8, 17, 57, 15, 4, 8, 17, 57, 15, 4, 8, 17, 57, 15, 4, 8, 17, 57, 15, 4, 8, 17, 57, 
143481, 15, 4, 8, 17, 57, 15, 4, 8, 17, 57, 15, 4, 8, 17, 57, 15, 4, 8, 17, 57, 15, 4, 8, 17, 57, 15, 4, 8, 17, 57, 15, 4, 8, 17, 57, 15, 4, 8, 17, 57, 15, 4, 8, 17, 57, 15, 4, 8, 17, 57, 15, 4, 8, 17, 57, 15, 4, 8, 17, 57, 15, 4, 8, 17, 57, 15, 4, 8, 17, 57, 15, 4, 8, 17, 57, 15, 4, 8, 17, 57, 15, 4, 8, 17, 57, 15, 4, 8, 17, 57, 15, 4, 8, 17, 57, 15, 4, 8, 17, 57, 15, 4, 8, 17, 57, 15, 4, 8, 17, 57, 15, 4, 8, 17, 57, 15, 4, 8, 17, 57, 15, 4, 8, 17, 57, 15, 4, 8, 17, 57, 15, 4, 8, 17, 57, 15, 4, 8, 17, 57, 15, 4, 8, 17, 57, 15, 4, 8, 17, 57, 15, 4, 8, 17, 57, 15, 4, 8, 17, 57, 15, 4, 8, 17, 57, 15, 4, 8, 17, 57, 15, 4, 8, 17, 57, 15, 4, 8, 17, 57, 
144730, 15, 4, 8, 17, 57, 15, 4, 8, 17, 57, 15, 4, 8, 17, 57, 15, 4, 8, 17, 57, 15, 4, 8, 17, 57, 15, 4, 8, 17, 57, 15, 4, 8, 17, 57, 15, 4, 8, 17, 57, 15, 4, 8, 17, 57, 15, 4, 8, 17, 57, 15, 4, 8, 17, 57, 15, 4, 8, 17, 57, 15, 4, 8, 17, 57, 15, 4, 8, 17, 57, 15, 4, 8, 17, 57, 15, 4, 8, 17, 57, 15, 4, 8, 17, 57, 15, 4, 8, 17, 57, 15, 4, 8, 17, 57, 15, 4, 8, 17, 57, 15, 4, 8, 17, 57, 15, 4, 8, 17, 57, 15, 4, 8, 17, 57, 15, 4, 8, 17, 57, 15, 4, 8, 17, 57, 15, 4, 8, 17, 57, 15, 4, 8, 17, 57, 15, 4, 8, 17, 57, 15, 4, 8, 17, 57, 15, 4, 8, 17, 57, 15, 4, 8, 17, 57, 15, 4, 8, 17, 57, 15, 4, 8, 17, 57, 15, 4, 8, 17, 57, 15, 4, 8, 17, 57, 15, 4, 8, 17, 57, 
145981, 15, 4, 8, 17, 57, 15, 4, 8, 17, 57, 15, 4, 8, 17, 57, 15, 4, 8, 17, 57, 15, 4, 8, 17, 57, 15, 4, 8, 17, 57, 15, 4, 8, 17, 57, 15, 4, 8, 17, 57, 15, 4, 8, 17, 57, 15, 4, 8, 17, 57, 15, 4, 8, 17, 57, 15, 4, 8, 17, 57, 15, 4, 8, 17, 57, 15, 4, 8, 17, 57, 15, 4, 8, 17, 57, 15, 4, 8, 17, 57, 15, 4, 8, 17, 57, 15, 4, 8, 17, 57, 15, 4, 8, 17, 57, 15, 4, 8, 17, 57, 15, 4, 8, 17, 57, 15, 4, 8, 17, 57, 15, 4, 8, 17, 57, 15, 4, 8, 17, 57, 15, 4, 8, 17, 57, 15, 4, 8, 17, 57, 15, 4, 8, 17, 57, 15, 4, 8, 17, 57, 15, 4, 8, 17, 57, 15, 4, 8, 17, 57, 15, 4, 8, 17, 57, 15, 4, 8, 17, 57, 15, 4, 8, 17, 57, 15, 4, 8, 17, 57, 15, 4, 8, 17, 57, 15, 4, 8, 17, 57, 
147231, 15, 4, 8, 17, 57, 15, 4, 8, 17, 57, 15, 4, 8, 17, 57, 15, 4, 8, 17, 57, 15, 4, 8, 17, 57, 15, 4, 8, 17, 57, 15, 4, 8, 17, 57, 15, 4, 8, 17, 57, 15, 4, 8, 17, 57, 15, 4, 8, 17, 57, 15, 4, 8, 17, 57, 15, 4, 8, 17, 57, 15, 4, 8, 17, 57, 15, 4, 8, 17, 57, 15, 4, 8, 17, 57, 15, 4, 8, 17, 57, 15, 4, 8, 17, 57, 15, 4, 8, 17, 57, 15, 4, 8, 17, 57, 15, 4, 8, 17, 57, 15, 4, 8, 17, 57, 15, 4, 8, 17, 57, 15, 4, 8, 17, 57, 15, 4, 8, 17, 57, 15, 4, 8, 17, 57, 15, 4, 8, 17, 57, 15, 4, 8, 17, 57, 15, 4, 8, 17, 57, 15, 4, 8, 17, 57, 15, 4, 8, 17, 57, 15, 4, 8, 17, 57, 15, 4, 8, 17, 57, 15, 4, 8, 17, 57, 15, 4, 8, 17, 57, 15, 4, 8, 17, 57, 15, 4, 8, 17, 57, 
148481, 15, 4, 8, 17, 57, 15, 4, 8, 17, 57, 15, 4, 8, 17, 57, 15, 4, 8, 17, 57, 15, 4, 8, 17, 57, 15, 4, 8, 17, 57, 15, 4, 8, 17, 57, 15, 4, 8, 17, 57, 15, 4, 8, 17, 57, 15, 4, 8, 17, 57, 15, 4, 8, 17, 57, 15, 4, 8, 17, 57, 15, 4, 8, 17, 57, 15, 4, 8, 17, 57, 15, 4, 8, 17, 57, 15, 4, 8, 17, 57, 15, 4, 8, 17, 57, 15, 4, 8, 17, 57, 15, 4, 8, 17, 57, 15, 4, 8, 17, 57, 15, 4, 8, 17, 57, 15, 4, 8, 17, 57, 15, 4, 8, 17, 57, 15, 4, 8, 17, 57, 15, 4, 8, 17, 57, 15, 4, 8, 17, 57, 15, 4, 8, 17, 57, 15, 4, 8, 17, 57, 15, 4, 8, 17, 57, 15, 4, 8, 17, 57, 15, 4, 8, 17, 57, 15, 4, 8, 17, 57, 15, 4, 8, 17, 57, 15, 4, 8, 17, 57, 15, 4, 8, 17, 57, 15, 4, 8, 17, 57, 
149731, 16, 4, 8, 17, 57, 16, 4, 8, 17, 57, 16, 4, 8, 17, 57, 16, 4, 8, 17, 57, 16, 4, 8, 17, 57, 16, 4, 8, 17, 57, 16, 4, 8, 17, 57, 16, 4, 8, 17, 57, 16, 4, 8, 17, 57, 16, 4, 8, 17, 57, 16, 4, 8, 17, 57, 16, 4, 8, 17, 57, 16, 4, 8, 17, 57, 16, 4, 8, 17, 57, 16, 4, 8, 17, 57, 16, 4, 8, 17, 57, 16, 4, 8, 17, 57, 16, 4, 8, 17, 57, 16, 4, 8, 17, 57, 16, 4, 8, 17, 57, 16, 4, 8, 17, 57, 16, 4, 8, 17, 57, 16, 4, 8, 17, 57, 16, 4, 8, 17, 57, 16, 4, 8, 17, 57, 16, 4, 8, 17, 57, 16, 4, 8, 17, 57, 16, 4, 8, 17, 57, 16, 4, 8, 17, 57, 16, 4, 8, 17, 57, 16, 4, 8, 17, 57, 16, 4, 8, 17, 57, 16, 4, 8, 17, 57, 16, 4, 8, 17, 57, 16, 4, 8, 17, 57, 16, 4, 8, 17, 57, 
